<?xml version="1.0" encoding="utf-8"?>
<query>
<id>38</id>
<streaminfo>
<stream>
<streamid>1</streamid>
<streamspecificquerylength>3</streamspecificquerylength>
</stream>
<stream>
<streamid>2</streamid>
<streamspecificquerylength>3</streamspecificquerylength>
</stream>
<stream>
<streamid>3</streamid>
<streamspecificquerylength>3</streamspecificquerylength>
</stream>
</streaminfo>
<terminfo>
<termnum>3</termnum>
<term>
<termid>1</termid>
<word>diabet</word>
<stream>
<streamid>1</streamid>
<streamfrequency>3888</streamfrequency>
<streamtermfrequency>4076</streamtermfrequency>
</stream>
<stream>
<streamid>2</streamid>
<streamfrequency>5520</streamfrequency>
<streamtermfrequency>16694</streamtermfrequency>
</stream>
<stream>
<streamid>3</streamid>
<streamfrequency>6570</streamfrequency>
<streamtermfrequency>20770</streamtermfrequency>
</stream>
</term>
<term>
<termid>2</termid>
<word>gastroparesi</word>
<stream>
<streamid>1</streamid>
<streamfrequency>32</streamfrequency>
<streamtermfrequency>32</streamtermfrequency>
</stream>
<stream>
<streamid>2</streamid>
<streamfrequency>44</streamfrequency>
<streamtermfrequency>79</streamtermfrequency>
</stream>
<stream>
<streamid>3</streamid>
<streamfrequency>57</streamfrequency>
<streamtermfrequency>111</streamtermfrequency>
</stream>
</term>
<term>
<termid>3</termid>
<word>treatment</word>
<stream>
<streamid>1</streamid>
<streamfrequency>13670</streamfrequency>
<streamtermfrequency>13782</streamtermfrequency>
</stream>
<stream>
<streamid>2</streamid>
<streamfrequency>42163</streamfrequency>
<streamtermfrequency>73201</streamtermfrequency>
</stream>
<stream>
<streamid>3</streamid>
<streamfrequency>48692</streamfrequency>
<streamtermfrequency>86983</streamtermfrequency>
</stream>
</term>
</terminfo>
<docinfo>
<docnum>81</docnum>
<doc>
<docid>177346</docid>
<label>1</label>
<stream>
<streamid>1</streamid>
<length>9</length>
<uniquelength>9</uniquelength>
<term>
<termid>1</termid>
<termfrequency>1</termfrequency>
</term>
<term>
<termid>2</termid>
<termfrequency>1</termfrequency>
</term>
<term>
<termid>3</termid>
<termfrequency>1</termfrequency>
</term>
</stream>
<stream>
<streamid>2</streamid>
<length>0</length>
<uniquelength>0</uniquelength>
<term>
<termid>1</termid>
<termfrequency>0</termfrequency>
</term>
<term>
<termid>2</termid>
<termfrequency>0</termfrequency>
</term>
<term>
<termid>3</termid>
<termfrequency>0</termfrequency>
</term>
</stream>
<stream>
<streamid>3</streamid>
<length>9</length>
<uniquelength>9</uniquelength>
<term>
<termid>1</termid>
<termfrequency>1</termfrequency>
</term>
<term>
<termid>2</termid>
<termfrequency>1</termfrequency>
</term>
<term>
<termid>3</termid>
<termfrequency>1</termfrequency>
</term>
</stream>
</doc>
<doc>
<docid>79501</docid>
<label>0</label>
<stream>
<streamid>1</streamid>
<length>9</length>
<uniquelength>9</uniquelength>
<term>
<termid>1</termid>
<termfrequency>1</termfrequency>
</term>
<term>
<termid>2</termid>
<termfrequency>1</termfrequency>
</term>
<term>
<termid>3</termid>
<termfrequency>0</termfrequency>
</term>
</stream>
<stream>
<streamid>2</streamid>
<length>95</length>
<uniquelength>56</uniquelength>
<term>
<termid>1</termid>
<termfrequency>6</termfrequency>
</term>
<term>
<termid>2</termid>
<termfrequency>5</termfrequency>
</term>
<term>
<termid>3</termid>
<termfrequency>0</termfrequency>
</term>
</stream>
<stream>
<streamid>3</streamid>
<length>104</length>
<uniquelength>56</uniquelength>
<term>
<termid>1</termid>
<termfrequency>7</termfrequency>
</term>
<term>
<termid>2</termid>
<termfrequency>6</termfrequency>
</term>
<term>
<termid>3</termid>
<termfrequency>0</termfrequency>
</term>
</stream>
</doc>
<doc>
<docid>31819</docid>
<label>2</label>
<stream>
<streamid>1</streamid>
<length>5</length>
<uniquelength>5</uniquelength>
<term>
<termid>1</termid>
<termfrequency>1</termfrequency>
</term>
<term>
<termid>2</termid>
<termfrequency>1</termfrequency>
</term>
<term>
<termid>3</termid>
<termfrequency>0</termfrequency>
</term>
</stream>
<stream>
<streamid>2</streamid>
<length>95</length>
<uniquelength>64</uniquelength>
<term>
<termid>1</termid>
<termfrequency>5</termfrequency>
</term>
<term>
<termid>2</termid>
<termfrequency>5</termfrequency>
</term>
<term>
<termid>3</termid>
<termfrequency>0</termfrequency>
</term>
</stream>
<stream>
<streamid>3</streamid>
<length>100</length>
<uniquelength>65</uniquelength>
<term>
<termid>1</termid>
<termfrequency>6</termfrequency>
</term>
<term>
<termid>2</termid>
<termfrequency>6</termfrequency>
</term>
<term>
<termid>3</termid>
<termfrequency>0</termfrequency>
</term>
</stream>
</doc>
<doc>
<docid>176370</docid>
<label>2</label>
<stream>
<streamid>1</streamid>
<length>4</length>
<uniquelength>4</uniquelength>
<term>
<termid>1</termid>
<termfrequency>1</termfrequency>
</term>
<term>
<termid>2</termid>
<termfrequency>1</termfrequency>
</term>
<term>
<termid>3</termid>
<termfrequency>0</termfrequency>
</term>
</stream>
<stream>
<streamid>2</streamid>
<length>24</length>
<uniquelength>20</uniquelength>
<term>
<termid>1</termid>
<termfrequency>2</termfrequency>
</term>
<term>
<termid>2</termid>
<termfrequency>1</termfrequency>
</term>
<term>
<termid>3</termid>
<termfrequency>0</termfrequency>
</term>
</stream>
<stream>
<streamid>3</streamid>
<length>28</length>
<uniquelength>21</uniquelength>
<term>
<termid>1</termid>
<termfrequency>3</termfrequency>
</term>
<term>
<termid>2</termid>
<termfrequency>2</termfrequency>
</term>
<term>
<termid>3</termid>
<termfrequency>0</termfrequency>
</term>
</stream>
</doc>
<doc>
<docid>229448</docid>
<label>1</label>
<stream>
<streamid>1</streamid>
<length>5</length>
<uniquelength>5</uniquelength>
<term>
<termid>1</termid>
<termfrequency>1</termfrequency>
</term>
<term>
<termid>2</termid>
<termfrequency>1</termfrequency>
</term>
<term>
<termid>3</termid>
<termfrequency>0</termfrequency>
</term>
</stream>
<stream>
<streamid>2</streamid>
<length>0</length>
<uniquelength>0</uniquelength>
<term>
<termid>1</termid>
<termfrequency>0</termfrequency>
</term>
<term>
<termid>2</termid>
<termfrequency>0</termfrequency>
</term>
<term>
<termid>3</termid>
<termfrequency>0</termfrequency>
</term>
</stream>
<stream>
<streamid>3</streamid>
<length>5</length>
<uniquelength>5</uniquelength>
<term>
<termid>1</termid>
<termfrequency>1</termfrequency>
</term>
<term>
<termid>2</termid>
<termfrequency>1</termfrequency>
</term>
<term>
<termid>3</termid>
<termfrequency>0</termfrequency>
</term>
</stream>
</doc>
<doc>
<docid>217989</docid>
<label>1</label>
<stream>
<streamid>1</streamid>
<length>6</length>
<uniquelength>6</uniquelength>
<term>
<termid>1</termid>
<termfrequency>1</termfrequency>
</term>
<term>
<termid>2</termid>
<termfrequency>1</termfrequency>
</term>
<term>
<termid>3</termid>
<termfrequency>0</termfrequency>
</term>
</stream>
<stream>
<streamid>2</streamid>
<length>0</length>
<uniquelength>0</uniquelength>
<term>
<termid>1</termid>
<termfrequency>0</termfrequency>
</term>
<term>
<termid>2</termid>
<termfrequency>0</termfrequency>
</term>
<term>
<termid>3</termid>
<termfrequency>0</termfrequency>
</term>
</stream>
<stream>
<streamid>3</streamid>
<length>6</length>
<uniquelength>6</uniquelength>
<term>
<termid>1</termid>
<termfrequency>1</termfrequency>
</term>
<term>
<termid>2</termid>
<termfrequency>1</termfrequency>
</term>
<term>
<termid>3</termid>
<termfrequency>0</termfrequency>
</term>
</stream>
</doc>
<doc>
<docid>225700</docid>
<label>2</label>
<stream>
<streamid>1</streamid>
<length>9</length>
<uniquelength>9</uniquelength>
<term>
<termid>1</termid>
<termfrequency>1</termfrequency>
</term>
<term>
<termid>2</termid>
<termfrequency>1</termfrequency>
</term>
<term>
<termid>3</termid>
<termfrequency>0</termfrequency>
</term>
</stream>
<stream>
<streamid>2</streamid>
<length>125</length>
<uniquelength>76</uniquelength>
<term>
<termid>1</termid>
<termfrequency>3</termfrequency>
</term>
<term>
<termid>2</termid>
<termfrequency>3</termfrequency>
</term>
<term>
<termid>3</termid>
<termfrequency>1</termfrequency>
</term>
</stream>
<stream>
<streamid>3</streamid>
<length>134</length>
<uniquelength>77</uniquelength>
<term>
<termid>1</termid>
<termfrequency>4</termfrequency>
</term>
<term>
<termid>2</termid>
<termfrequency>4</termfrequency>
</term>
<term>
<termid>3</termid>
<termfrequency>1</termfrequency>
</term>
</stream>
</doc>
<doc>
<docid>298045</docid>
<label>1</label>
<stream>
<streamid>1</streamid>
<length>7</length>
<uniquelength>7</uniquelength>
<term>
<termid>1</termid>
<termfrequency>1</termfrequency>
</term>
<term>
<termid>2</termid>
<termfrequency>1</termfrequency>
</term>
<term>
<termid>3</termid>
<termfrequency>0</termfrequency>
</term>
</stream>
<stream>
<streamid>2</streamid>
<length>90</length>
<uniquelength>56</uniquelength>
<term>
<termid>1</termid>
<termfrequency>4</termfrequency>
</term>
<term>
<termid>2</termid>
<termfrequency>1</termfrequency>
</term>
<term>
<termid>3</termid>
<termfrequency>2</termfrequency>
</term>
</stream>
<stream>
<streamid>3</streamid>
<length>97</length>
<uniquelength>56</uniquelength>
<term>
<termid>1</termid>
<termfrequency>5</termfrequency>
</term>
<term>
<termid>2</termid>
<termfrequency>2</termfrequency>
</term>
<term>
<termid>3</termid>
<termfrequency>2</termfrequency>
</term>
</stream>
</doc>
<doc>
<docid>4909</docid>
<label>1</label>
<stream>
<streamid>1</streamid>
<length>7</length>
<uniquelength>7</uniquelength>
<term>
<termid>1</termid>
<termfrequency>1</termfrequency>
</term>
<term>
<termid>2</termid>
<termfrequency>0</termfrequency>
</term>
<term>
<termid>3</termid>
<termfrequency>0</termfrequency>
</term>
</stream>
<stream>
<streamid>2</streamid>
<length>105</length>
<uniquelength>57</uniquelength>
<term>
<termid>1</termid>
<termfrequency>9</termfrequency>
</term>
<term>
<termid>2</termid>
<termfrequency>3</termfrequency>
</term>
<term>
<termid>3</termid>
<termfrequency>0</termfrequency>
</term>
</stream>
<stream>
<streamid>3</streamid>
<length>112</length>
<uniquelength>58</uniquelength>
<term>
<termid>1</termid>
<termfrequency>10</termfrequency>
</term>
<term>
<termid>2</termid>
<termfrequency>3</termfrequency>
</term>
<term>
<termid>3</termid>
<termfrequency>0</termfrequency>
</term>
</stream>
</doc>
<doc>
<docid>140586</docid>
<label>2</label>
<stream>
<streamid>1</streamid>
<length>9</length>
<uniquelength>9</uniquelength>
<term>
<termid>1</termid>
<termfrequency>1</termfrequency>
</term>
<term>
<termid>2</termid>
<termfrequency>0</termfrequency>
</term>
<term>
<termid>3</termid>
<termfrequency>0</termfrequency>
</term>
</stream>
<stream>
<streamid>2</streamid>
<length>84</length>
<uniquelength>67</uniquelength>
<term>
<termid>1</termid>
<termfrequency>2</termfrequency>
</term>
<term>
<termid>2</termid>
<termfrequency>2</termfrequency>
</term>
<term>
<termid>3</termid>
<termfrequency>1</termfrequency>
</term>
</stream>
<stream>
<streamid>3</streamid>
<length>93</length>
<uniquelength>69</uniquelength>
<term>
<termid>1</termid>
<termfrequency>3</termfrequency>
</term>
<term>
<termid>2</termid>
<termfrequency>2</termfrequency>
</term>
<term>
<termid>3</termid>
<termfrequency>1</termfrequency>
</term>
</stream>
</doc>
<doc>
<docid>652</docid>
<label>1</label>
<stream>
<streamid>1</streamid>
<length>12</length>
<uniquelength>12</uniquelength>
<term>
<termid>1</termid>
<termfrequency>0</termfrequency>
</term>
<term>
<termid>2</termid>
<termfrequency>1</termfrequency>
</term>
<term>
<termid>3</termid>
<termfrequency>0</termfrequency>
</term>
</stream>
<stream>
<streamid>2</streamid>
<length>106</length>
<uniquelength>65</uniquelength>
<term>
<termid>1</termid>
<termfrequency>2</termfrequency>
</term>
<term>
<termid>2</termid>
<termfrequency>2</termfrequency>
</term>
<term>
<termid>3</termid>
<termfrequency>0</termfrequency>
</term>
</stream>
<stream>
<streamid>3</streamid>
<length>118</length>
<uniquelength>67</uniquelength>
<term>
<termid>1</termid>
<termfrequency>2</termfrequency>
</term>
<term>
<termid>2</termid>
<termfrequency>3</termfrequency>
</term>
<term>
<termid>3</termid>
<termfrequency>0</termfrequency>
</term>
</stream>
</doc>
<doc>
<docid>154933</docid>
<label>0</label>
<stream>
<streamid>1</streamid>
<length>4</length>
<uniquelength>4</uniquelength>
<term>
<termid>1</termid>
<termfrequency>1</termfrequency>
</term>
<term>
<termid>2</termid>
<termfrequency>0</termfrequency>
</term>
<term>
<termid>3</termid>
<termfrequency>0</termfrequency>
</term>
</stream>
<stream>
<streamid>2</streamid>
<length>82</length>
<uniquelength>65</uniquelength>
<term>
<termid>1</termid>
<termfrequency>4</termfrequency>
</term>
<term>
<termid>2</termid>
<termfrequency>1</termfrequency>
</term>
<term>
<termid>3</termid>
<termfrequency>1</termfrequency>
</term>
</stream>
<stream>
<streamid>3</streamid>
<length>86</length>
<uniquelength>65</uniquelength>
<term>
<termid>1</termid>
<termfrequency>5</termfrequency>
</term>
<term>
<termid>2</termid>
<termfrequency>1</termfrequency>
</term>
<term>
<termid>3</termid>
<termfrequency>1</termfrequency>
</term>
</stream>
</doc>
<doc>
<docid>207948</docid>
<label>1</label>
<stream>
<streamid>1</streamid>
<length>3</length>
<uniquelength>3</uniquelength>
<term>
<termid>1</termid>
<termfrequency>0</termfrequency>
</term>
<term>
<termid>2</termid>
<termfrequency>1</termfrequency>
</term>
<term>
<termid>3</termid>
<termfrequency>0</termfrequency>
</term>
</stream>
<stream>
<streamid>2</streamid>
<length>155</length>
<uniquelength>82</uniquelength>
<term>
<termid>1</termid>
<termfrequency>1</termfrequency>
</term>
<term>
<termid>2</termid>
<termfrequency>5</termfrequency>
</term>
<term>
<termid>3</termid>
<termfrequency>0</termfrequency>
</term>
</stream>
<stream>
<streamid>3</streamid>
<length>158</length>
<uniquelength>82</uniquelength>
<term>
<termid>1</termid>
<termfrequency>1</termfrequency>
</term>
<term>
<termid>2</termid>
<termfrequency>6</termfrequency>
</term>
<term>
<termid>3</termid>
<termfrequency>0</termfrequency>
</term>
</stream>
</doc>
<doc>
<docid>72170</docid>
<label>2</label>
<stream>
<streamid>1</streamid>
<length>12</length>
<uniquelength>12</uniquelength>
<term>
<termid>1</termid>
<termfrequency>1</termfrequency>
</term>
<term>
<termid>2</termid>
<termfrequency>1</termfrequency>
</term>
<term>
<termid>3</termid>
<termfrequency>0</termfrequency>
</term>
</stream>
<stream>
<streamid>2</streamid>
<length>65</length>
<uniquelength>43</uniquelength>
<term>
<termid>1</termid>
<termfrequency>2</termfrequency>
</term>
<term>
<termid>2</termid>
<termfrequency>0</termfrequency>
</term>
<term>
<termid>3</termid>
<termfrequency>1</termfrequency>
</term>
</stream>
<stream>
<streamid>3</streamid>
<length>77</length>
<uniquelength>48</uniquelength>
<term>
<termid>1</termid>
<termfrequency>3</termfrequency>
</term>
<term>
<termid>2</termid>
<termfrequency>1</termfrequency>
</term>
<term>
<termid>3</termid>
<termfrequency>1</termfrequency>
</term>
</stream>
</doc>
<doc>
<docid>313936</docid>
<label>1</label>
<stream>
<streamid>1</streamid>
<length>9</length>
<uniquelength>9</uniquelength>
<term>
<termid>1</termid>
<termfrequency>0</termfrequency>
</term>
<term>
<termid>2</termid>
<termfrequency>0</termfrequency>
</term>
<term>
<termid>3</termid>
<termfrequency>0</termfrequency>
</term>
</stream>
<stream>
<streamid>2</streamid>
<length>133</length>
<uniquelength>69</uniquelength>
<term>
<termid>1</termid>
<termfrequency>1</termfrequency>
</term>
<term>
<termid>2</termid>
<termfrequency>5</termfrequency>
</term>
<term>
<termid>3</termid>
<termfrequency>0</termfrequency>
</term>
</stream>
<stream>
<streamid>3</streamid>
<length>142</length>
<uniquelength>77</uniquelength>
<term>
<termid>1</termid>
<termfrequency>1</termfrequency>
</term>
<term>
<termid>2</termid>
<termfrequency>5</termfrequency>
</term>
<term>
<termid>3</termid>
<termfrequency>0</termfrequency>
</term>
</stream>
</doc>
<doc>
<docid>278139</docid>
<label>0</label>
<stream>
<streamid>1</streamid>
<length>8</length>
<uniquelength>8</uniquelength>
<term>
<termid>1</termid>
<termfrequency>0</termfrequency>
</term>
<term>
<termid>2</termid>
<termfrequency>1</termfrequency>
</term>
<term>
<termid>3</termid>
<termfrequency>1</termfrequency>
</term>
</stream>
<stream>
<streamid>2</streamid>
<length>0</length>
<uniquelength>0</uniquelength>
<term>
<termid>1</termid>
<termfrequency>0</termfrequency>
</term>
<term>
<termid>2</termid>
<termfrequency>0</termfrequency>
</term>
<term>
<termid>3</termid>
<termfrequency>0</termfrequency>
</term>
</stream>
<stream>
<streamid>3</streamid>
<length>8</length>
<uniquelength>8</uniquelength>
<term>
<termid>1</termid>
<termfrequency>0</termfrequency>
</term>
<term>
<termid>2</termid>
<termfrequency>1</termfrequency>
</term>
<term>
<termid>3</termid>
<termfrequency>1</termfrequency>
</term>
</stream>
</doc>
<doc>
<docid>234251</docid>
<label>0</label>
<stream>
<streamid>1</streamid>
<length>9</length>
<uniquelength>9</uniquelength>
<term>
<termid>1</termid>
<termfrequency>0</termfrequency>
</term>
<term>
<termid>2</termid>
<termfrequency>1</termfrequency>
</term>
<term>
<termid>3</termid>
<termfrequency>0</termfrequency>
</term>
</stream>
<stream>
<streamid>2</streamid>
<length>100</length>
<uniquelength>82</uniquelength>
<term>
<termid>1</termid>
<termfrequency>0</termfrequency>
</term>
<term>
<termid>2</termid>
<termfrequency>5</termfrequency>
</term>
<term>
<termid>3</termid>
<termfrequency>0</termfrequency>
</term>
</stream>
<stream>
<streamid>3</streamid>
<length>109</length>
<uniquelength>85</uniquelength>
<term>
<termid>1</termid>
<termfrequency>0</termfrequency>
</term>
<term>
<termid>2</termid>
<termfrequency>6</termfrequency>
</term>
<term>
<termid>3</termid>
<termfrequency>0</termfrequency>
</term>
</stream>
</doc>
<doc>
<docid>132064</docid>
<label>2</label>
<stream>
<streamid>1</streamid>
<length>13</length>
<uniquelength>12</uniquelength>
<term>
<termid>1</termid>
<termfrequency>1</termfrequency>
</term>
<term>
<termid>2</termid>
<termfrequency>1</termfrequency>
</term>
<term>
<termid>3</termid>
<termfrequency>1</termfrequency>
</term>
</stream>
<stream>
<streamid>2</streamid>
<length>109</length>
<uniquelength>63</uniquelength>
<term>
<termid>1</termid>
<termfrequency>2</termfrequency>
</term>
<term>
<termid>2</termid>
<termfrequency>0</termfrequency>
</term>
<term>
<termid>3</termid>
<termfrequency>2</termfrequency>
</term>
</stream>
<stream>
<streamid>3</streamid>
<length>122</length>
<uniquelength>67</uniquelength>
<term>
<termid>1</termid>
<termfrequency>3</termfrequency>
</term>
<term>
<termid>2</termid>
<termfrequency>1</termfrequency>
</term>
<term>
<termid>3</termid>
<termfrequency>3</termfrequency>
</term>
</stream>
</doc>
<doc>
<docid>316537</docid>
<label>0</label>
<stream>
<streamid>1</streamid>
<length>5</length>
<uniquelength>5</uniquelength>
<term>
<termid>1</termid>
<termfrequency>0</termfrequency>
</term>
<term>
<termid>2</termid>
<termfrequency>0</termfrequency>
</term>
<term>
<termid>3</termid>
<termfrequency>0</termfrequency>
</term>
</stream>
<stream>
<streamid>2</streamid>
<length>66</length>
<uniquelength>50</uniquelength>
<term>
<termid>1</termid>
<termfrequency>0</termfrequency>
</term>
<term>
<termid>2</termid>
<termfrequency>2</termfrequency>
</term>
<term>
<termid>3</termid>
<termfrequency>2</termfrequency>
</term>
</stream>
<stream>
<streamid>3</streamid>
<length>71</length>
<uniquelength>52</uniquelength>
<term>
<termid>1</termid>
<termfrequency>0</termfrequency>
</term>
<term>
<termid>2</termid>
<termfrequency>2</termfrequency>
</term>
<term>
<termid>3</termid>
<termfrequency>2</termfrequency>
</term>
</stream>
</doc>
<doc>
<docid>93843</docid>
<label>0</label>
<stream>
<streamid>1</streamid>
<length>3</length>
<uniquelength>3</uniquelength>
<term>
<termid>1</termid>
<termfrequency>0</termfrequency>
</term>
<term>
<termid>2</termid>
<termfrequency>1</termfrequency>
</term>
<term>
<termid>3</termid>
<termfrequency>0</termfrequency>
</term>
</stream>
<stream>
<streamid>2</streamid>
<length>0</length>
<uniquelength>0</uniquelength>
<term>
<termid>1</termid>
<termfrequency>0</termfrequency>
</term>
<term>
<termid>2</termid>
<termfrequency>0</termfrequency>
</term>
<term>
<termid>3</termid>
<termfrequency>0</termfrequency>
</term>
</stream>
<stream>
<streamid>3</streamid>
<length>3</length>
<uniquelength>3</uniquelength>
<term>
<termid>1</termid>
<termfrequency>0</termfrequency>
</term>
<term>
<termid>2</termid>
<termfrequency>1</termfrequency>
</term>
<term>
<termid>3</termid>
<termfrequency>0</termfrequency>
</term>
</stream>
</doc>
<doc>
<docid>311089</docid>
<label>0</label>
<stream>
<streamid>1</streamid>
<length>4</length>
<uniquelength>4</uniquelength>
<term>
<termid>1</termid>
<termfrequency>0</termfrequency>
</term>
<term>
<termid>2</termid>
<termfrequency>1</termfrequency>
</term>
<term>
<termid>3</termid>
<termfrequency>0</termfrequency>
</term>
</stream>
<stream>
<streamid>2</streamid>
<length>0</length>
<uniquelength>0</uniquelength>
<term>
<termid>1</termid>
<termfrequency>0</termfrequency>
</term>
<term>
<termid>2</termid>
<termfrequency>0</termfrequency>
</term>
<term>
<termid>3</termid>
<termfrequency>0</termfrequency>
</term>
</stream>
<stream>
<streamid>3</streamid>
<length>4</length>
<uniquelength>4</uniquelength>
<term>
<termid>1</termid>
<termfrequency>0</termfrequency>
</term>
<term>
<termid>2</termid>
<termfrequency>1</termfrequency>
</term>
<term>
<termid>3</termid>
<termfrequency>0</termfrequency>
</term>
</stream>
</doc>
<doc>
<docid>32308</docid>
<label>0</label>
<stream>
<streamid>1</streamid>
<length>4</length>
<uniquelength>4</uniquelength>
<term>
<termid>1</termid>
<termfrequency>0</termfrequency>
</term>
<term>
<termid>2</termid>
<termfrequency>1</termfrequency>
</term>
<term>
<termid>3</termid>
<termfrequency>0</termfrequency>
</term>
</stream>
<stream>
<streamid>2</streamid>
<length>0</length>
<uniquelength>0</uniquelength>
<term>
<termid>1</termid>
<termfrequency>0</termfrequency>
</term>
<term>
<termid>2</termid>
<termfrequency>0</termfrequency>
</term>
<term>
<termid>3</termid>
<termfrequency>0</termfrequency>
</term>
</stream>
<stream>
<streamid>3</streamid>
<length>4</length>
<uniquelength>4</uniquelength>
<term>
<termid>1</termid>
<termfrequency>0</termfrequency>
</term>
<term>
<termid>2</termid>
<termfrequency>1</termfrequency>
</term>
<term>
<termid>3</termid>
<termfrequency>0</termfrequency>
</term>
</stream>
</doc>
<doc>
<docid>245483</docid>
<label>0</label>
<stream>
<streamid>1</streamid>
<length>4</length>
<uniquelength>4</uniquelength>
<term>
<termid>1</termid>
<termfrequency>0</termfrequency>
</term>
<term>
<termid>2</termid>
<termfrequency>1</termfrequency>
</term>
<term>
<termid>3</termid>
<termfrequency>0</termfrequency>
</term>
</stream>
<stream>
<streamid>2</streamid>
<length>0</length>
<uniquelength>0</uniquelength>
<term>
<termid>1</termid>
<termfrequency>0</termfrequency>
</term>
<term>
<termid>2</termid>
<termfrequency>0</termfrequency>
</term>
<term>
<termid>3</termid>
<termfrequency>0</termfrequency>
</term>
</stream>
<stream>
<streamid>3</streamid>
<length>4</length>
<uniquelength>4</uniquelength>
<term>
<termid>1</termid>
<termfrequency>0</termfrequency>
</term>
<term>
<termid>2</termid>
<termfrequency>1</termfrequency>
</term>
<term>
<termid>3</termid>
<termfrequency>0</termfrequency>
</term>
</stream>
</doc>
<doc>
<docid>233142</docid>
<label>0</label>
<stream>
<streamid>1</streamid>
<length>4</length>
<uniquelength>4</uniquelength>
<term>
<termid>1</termid>
<termfrequency>0</termfrequency>
</term>
<term>
<termid>2</termid>
<termfrequency>1</termfrequency>
</term>
<term>
<termid>3</termid>
<termfrequency>0</termfrequency>
</term>
</stream>
<stream>
<streamid>2</streamid>
<length>125</length>
<uniquelength>84</uniquelength>
<term>
<termid>1</termid>
<termfrequency>0</termfrequency>
</term>
<term>
<termid>2</termid>
<termfrequency>4</termfrequency>
</term>
<term>
<termid>3</termid>
<termfrequency>0</termfrequency>
</term>
</stream>
<stream>
<streamid>3</streamid>
<length>129</length>
<uniquelength>86</uniquelength>
<term>
<termid>1</termid>
<termfrequency>0</termfrequency>
</term>
<term>
<termid>2</termid>
<termfrequency>5</termfrequency>
</term>
<term>
<termid>3</termid>
<termfrequency>0</termfrequency>
</term>
</stream>
</doc>
<doc>
<docid>238491</docid>
<label>0</label>
<stream>
<streamid>1</streamid>
<length>6</length>
<uniquelength>6</uniquelength>
<term>
<termid>1</termid>
<termfrequency>0</termfrequency>
</term>
<term>
<termid>2</termid>
<termfrequency>1</termfrequency>
</term>
<term>
<termid>3</termid>
<termfrequency>0</termfrequency>
</term>
</stream>
<stream>
<streamid>2</streamid>
<length>0</length>
<uniquelength>0</uniquelength>
<term>
<termid>1</termid>
<termfrequency>0</termfrequency>
</term>
<term>
<termid>2</termid>
<termfrequency>0</termfrequency>
</term>
<term>
<termid>3</termid>
<termfrequency>0</termfrequency>
</term>
</stream>
<stream>
<streamid>3</streamid>
<length>6</length>
<uniquelength>6</uniquelength>
<term>
<termid>1</termid>
<termfrequency>0</termfrequency>
</term>
<term>
<termid>2</termid>
<termfrequency>1</termfrequency>
</term>
<term>
<termid>3</termid>
<termfrequency>0</termfrequency>
</term>
</stream>
</doc>
<doc>
<docid>146061</docid>
<label>0</label>
<stream>
<streamid>1</streamid>
<length>13</length>
<uniquelength>13</uniquelength>
<term>
<termid>1</termid>
<termfrequency>0</termfrequency>
</term>
<term>
<termid>2</termid>
<termfrequency>1</termfrequency>
</term>
<term>
<termid>3</termid>
<termfrequency>0</termfrequency>
</term>
</stream>
<stream>
<streamid>2</streamid>
<length>27</length>
<uniquelength>24</uniquelength>
<term>
<termid>1</termid>
<termfrequency>0</termfrequency>
</term>
<term>
<termid>2</termid>
<termfrequency>1</termfrequency>
</term>
<term>
<termid>3</termid>
<termfrequency>0</termfrequency>
</term>
</stream>
<stream>
<streamid>3</streamid>
<length>40</length>
<uniquelength>25</uniquelength>
<term>
<termid>1</termid>
<termfrequency>0</termfrequency>
</term>
<term>
<termid>2</termid>
<termfrequency>2</termfrequency>
</term>
<term>
<termid>3</termid>
<termfrequency>0</termfrequency>
</term>
</stream>
</doc>
<doc>
<docid>9688</docid>
<label>0</label>
<stream>
<streamid>1</streamid>
<length>5</length>
<uniquelength>5</uniquelength>
<term>
<termid>1</termid>
<termfrequency>0</termfrequency>
</term>
<term>
<termid>2</termid>
<termfrequency>1</termfrequency>
</term>
<term>
<termid>3</termid>
<termfrequency>0</termfrequency>
</term>
</stream>
<stream>
<streamid>2</streamid>
<length>37</length>
<uniquelength>34</uniquelength>
<term>
<termid>1</termid>
<termfrequency>0</termfrequency>
</term>
<term>
<termid>2</termid>
<termfrequency>1</termfrequency>
</term>
<term>
<termid>3</termid>
<termfrequency>0</termfrequency>
</term>
</stream>
<stream>
<streamid>3</streamid>
<length>42</length>
<uniquelength>35</uniquelength>
<term>
<termid>1</termid>
<termfrequency>0</termfrequency>
</term>
<term>
<termid>2</termid>
<termfrequency>2</termfrequency>
</term>
<term>
<termid>3</termid>
<termfrequency>0</termfrequency>
</term>
</stream>
</doc>
<doc>
<docid>255418</docid>
<label>1</label>
<stream>
<streamid>1</streamid>
<length>4</length>
<uniquelength>4</uniquelength>
<term>
<termid>1</termid>
<termfrequency>0</termfrequency>
</term>
<term>
<termid>2</termid>
<termfrequency>0</termfrequency>
</term>
<term>
<termid>3</termid>
<termfrequency>0</termfrequency>
</term>
</stream>
<stream>
<streamid>2</streamid>
<length>83</length>
<uniquelength>76</uniquelength>
<term>
<termid>1</termid>
<termfrequency>1</termfrequency>
</term>
<term>
<termid>2</termid>
<termfrequency>1</termfrequency>
</term>
<term>
<termid>3</termid>
<termfrequency>1</termfrequency>
</term>
</stream>
<stream>
<streamid>3</streamid>
<length>87</length>
<uniquelength>76</uniquelength>
<term>
<termid>1</termid>
<termfrequency>1</termfrequency>
</term>
<term>
<termid>2</termid>
<termfrequency>1</termfrequency>
</term>
<term>
<termid>3</termid>
<termfrequency>1</termfrequency>
</term>
</stream>
</doc>
<doc>
<docid>138751</docid>
<label>1</label>
<stream>
<streamid>1</streamid>
<length>7</length>
<uniquelength>7</uniquelength>
<term>
<termid>1</termid>
<termfrequency>0</termfrequency>
</term>
<term>
<termid>2</termid>
<termfrequency>1</termfrequency>
</term>
<term>
<termid>3</termid>
<termfrequency>1</termfrequency>
</term>
</stream>
<stream>
<streamid>2</streamid>
<length>142</length>
<uniquelength>95</uniquelength>
<term>
<termid>1</termid>
<termfrequency>1</termfrequency>
</term>
<term>
<termid>2</termid>
<termfrequency>1</termfrequency>
</term>
<term>
<termid>3</termid>
<termfrequency>0</termfrequency>
</term>
</stream>
<stream>
<streamid>3</streamid>
<length>149</length>
<uniquelength>97</uniquelength>
<term>
<termid>1</termid>
<termfrequency>1</termfrequency>
</term>
<term>
<termid>2</termid>
<termfrequency>2</termfrequency>
</term>
<term>
<termid>3</termid>
<termfrequency>1</termfrequency>
</term>
</stream>
</doc>
<doc>
<docid>278055</docid>
<label>0</label>
<stream>
<streamid>1</streamid>
<length>10</length>
<uniquelength>10</uniquelength>
<term>
<termid>1</termid>
<termfrequency>1</termfrequency>
</term>
<term>
<termid>2</termid>
<termfrequency>0</termfrequency>
</term>
<term>
<termid>3</termid>
<termfrequency>0</termfrequency>
</term>
</stream>
<stream>
<streamid>2</streamid>
<length>169</length>
<uniquelength>114</uniquelength>
<term>
<termid>1</termid>
<termfrequency>6</termfrequency>
</term>
<term>
<termid>2</termid>
<termfrequency>1</termfrequency>
</term>
<term>
<termid>3</termid>
<termfrequency>1</termfrequency>
</term>
</stream>
<stream>
<streamid>3</streamid>
<length>179</length>
<uniquelength>117</uniquelength>
<term>
<termid>1</termid>
<termfrequency>7</termfrequency>
</term>
<term>
<termid>2</termid>
<termfrequency>1</termfrequency>
</term>
<term>
<termid>3</termid>
<termfrequency>1</termfrequency>
</term>
</stream>
</doc>
<doc>
<docid>247344</docid>
<label>0</label>
<stream>
<streamid>1</streamid>
<length>4</length>
<uniquelength>4</uniquelength>
<term>
<termid>1</termid>
<termfrequency>0</termfrequency>
</term>
<term>
<termid>2</termid>
<termfrequency>0</termfrequency>
</term>
<term>
<termid>3</termid>
<termfrequency>0</termfrequency>
</term>
</stream>
<stream>
<streamid>2</streamid>
<length>64</length>
<uniquelength>59</uniquelength>
<term>
<termid>1</termid>
<termfrequency>1</termfrequency>
</term>
<term>
<termid>2</termid>
<termfrequency>1</termfrequency>
</term>
<term>
<termid>3</termid>
<termfrequency>0</termfrequency>
</term>
</stream>
<stream>
<streamid>3</streamid>
<length>68</length>
<uniquelength>61</uniquelength>
<term>
<termid>1</termid>
<termfrequency>1</termfrequency>
</term>
<term>
<termid>2</termid>
<termfrequency>1</termfrequency>
</term>
<term>
<termid>3</termid>
<termfrequency>0</termfrequency>
</term>
</stream>
</doc>
<doc>
<docid>16196</docid>
<label>2</label>
<stream>
<streamid>1</streamid>
<length>9</length>
<uniquelength>9</uniquelength>
<term>
<termid>1</termid>
<termfrequency>1</termfrequency>
</term>
<term>
<termid>2</termid>
<termfrequency>0</termfrequency>
</term>
<term>
<termid>3</termid>
<termfrequency>0</termfrequency>
</term>
</stream>
<stream>
<streamid>2</streamid>
<length>142</length>
<uniquelength>67</uniquelength>
<term>
<termid>1</termid>
<termfrequency>3</termfrequency>
</term>
<term>
<termid>2</termid>
<termfrequency>1</termfrequency>
</term>
<term>
<termid>3</termid>
<termfrequency>1</termfrequency>
</term>
</stream>
<stream>
<streamid>3</streamid>
<length>151</length>
<uniquelength>68</uniquelength>
<term>
<termid>1</termid>
<termfrequency>4</termfrequency>
</term>
<term>
<termid>2</termid>
<termfrequency>1</termfrequency>
</term>
<term>
<termid>3</termid>
<termfrequency>1</termfrequency>
</term>
</stream>
</doc>
<doc>
<docid>43920</docid>
<label>1</label>
<stream>
<streamid>1</streamid>
<length>13</length>
<uniquelength>13</uniquelength>
<term>
<termid>1</termid>
<termfrequency>0</termfrequency>
</term>
<term>
<termid>2</termid>
<termfrequency>1</termfrequency>
</term>
<term>
<termid>3</termid>
<termfrequency>0</termfrequency>
</term>
</stream>
<stream>
<streamid>2</streamid>
<length>88</length>
<uniquelength>75</uniquelength>
<term>
<termid>1</termid>
<termfrequency>0</termfrequency>
</term>
<term>
<termid>2</termid>
<termfrequency>1</termfrequency>
</term>
<term>
<termid>3</termid>
<termfrequency>1</termfrequency>
</term>
</stream>
<stream>
<streamid>3</streamid>
<length>101</length>
<uniquelength>77</uniquelength>
<term>
<termid>1</termid>
<termfrequency>0</termfrequency>
</term>
<term>
<termid>2</termid>
<termfrequency>2</termfrequency>
</term>
<term>
<termid>3</termid>
<termfrequency>1</termfrequency>
</term>
</stream>
</doc>
<doc>
<docid>13248</docid>
<label>0</label>
<stream>
<streamid>1</streamid>
<length>8</length>
<uniquelength>8</uniquelength>
<term>
<termid>1</termid>
<termfrequency>0</termfrequency>
</term>
<term>
<termid>2</termid>
<termfrequency>1</termfrequency>
</term>
<term>
<termid>3</termid>
<termfrequency>0</termfrequency>
</term>
</stream>
<stream>
<streamid>2</streamid>
<length>105</length>
<uniquelength>74</uniquelength>
<term>
<termid>1</termid>
<termfrequency>0</termfrequency>
</term>
<term>
<termid>2</termid>
<termfrequency>2</termfrequency>
</term>
<term>
<termid>3</termid>
<termfrequency>0</termfrequency>
</term>
</stream>
<stream>
<streamid>3</streamid>
<length>113</length>
<uniquelength>75</uniquelength>
<term>
<termid>1</termid>
<termfrequency>0</termfrequency>
</term>
<term>
<termid>2</termid>
<termfrequency>3</termfrequency>
</term>
<term>
<termid>3</termid>
<termfrequency>0</termfrequency>
</term>
</stream>
</doc>
<doc>
<docid>177646</docid>
<label>0</label>
<stream>
<streamid>1</streamid>
<length>7</length>
<uniquelength>7</uniquelength>
<term>
<termid>1</termid>
<termfrequency>0</termfrequency>
</term>
<term>
<termid>2</termid>
<termfrequency>1</termfrequency>
</term>
<term>
<termid>3</termid>
<termfrequency>0</termfrequency>
</term>
</stream>
<stream>
<streamid>2</streamid>
<length>60</length>
<uniquelength>50</uniquelength>
<term>
<termid>1</termid>
<termfrequency>0</termfrequency>
</term>
<term>
<termid>2</termid>
<termfrequency>1</termfrequency>
</term>
<term>
<termid>3</termid>
<termfrequency>0</termfrequency>
</term>
</stream>
<stream>
<streamid>3</streamid>
<length>67</length>
<uniquelength>51</uniquelength>
<term>
<termid>1</termid>
<termfrequency>0</termfrequency>
</term>
<term>
<termid>2</termid>
<termfrequency>2</termfrequency>
</term>
<term>
<termid>3</termid>
<termfrequency>0</termfrequency>
</term>
</stream>
</doc>
<doc>
<docid>61768</docid>
<label>1</label>
<stream>
<streamid>1</streamid>
<length>5</length>
<uniquelength>5</uniquelength>
<term>
<termid>1</termid>
<termfrequency>0</termfrequency>
</term>
<term>
<termid>2</termid>
<termfrequency>0</termfrequency>
</term>
<term>
<termid>3</termid>
<termfrequency>0</termfrequency>
</term>
</stream>
<stream>
<streamid>2</streamid>
<length>104</length>
<uniquelength>83</uniquelength>
<term>
<termid>1</termid>
<termfrequency>1</termfrequency>
</term>
<term>
<termid>2</termid>
<termfrequency>1</termfrequency>
</term>
<term>
<termid>3</termid>
<termfrequency>1</termfrequency>
</term>
</stream>
<stream>
<streamid>3</streamid>
<length>109</length>
<uniquelength>83</uniquelength>
<term>
<termid>1</termid>
<termfrequency>1</termfrequency>
</term>
<term>
<termid>2</termid>
<termfrequency>1</termfrequency>
</term>
<term>
<termid>3</termid>
<termfrequency>1</termfrequency>
</term>
</stream>
</doc>
<doc>
<docid>294148</docid>
<label>0</label>
<stream>
<streamid>1</streamid>
<length>6</length>
<uniquelength>6</uniquelength>
<term>
<termid>1</termid>
<termfrequency>1</termfrequency>
</term>
<term>
<termid>2</termid>
<termfrequency>0</termfrequency>
</term>
<term>
<termid>3</termid>
<termfrequency>0</termfrequency>
</term>
</stream>
<stream>
<streamid>2</streamid>
<length>154</length>
<uniquelength>79</uniquelength>
<term>
<termid>1</termid>
<termfrequency>4</termfrequency>
</term>
<term>
<termid>2</termid>
<termfrequency>1</termfrequency>
</term>
<term>
<termid>3</termid>
<termfrequency>0</termfrequency>
</term>
</stream>
<stream>
<streamid>3</streamid>
<length>160</length>
<uniquelength>79</uniquelength>
<term>
<termid>1</termid>
<termfrequency>5</termfrequency>
</term>
<term>
<termid>2</termid>
<termfrequency>1</termfrequency>
</term>
<term>
<termid>3</termid>
<termfrequency>0</termfrequency>
</term>
</stream>
</doc>
<doc>
<docid>309446</docid>
<label>0</label>
<stream>
<streamid>1</streamid>
<length>6</length>
<uniquelength>6</uniquelength>
<term>
<termid>1</termid>
<termfrequency>0</termfrequency>
</term>
<term>
<termid>2</termid>
<termfrequency>1</termfrequency>
</term>
<term>
<termid>3</termid>
<termfrequency>0</termfrequency>
</term>
</stream>
<stream>
<streamid>2</streamid>
<length>178</length>
<uniquelength>111</uniquelength>
<term>
<termid>1</termid>
<termfrequency>0</termfrequency>
</term>
<term>
<termid>2</termid>
<termfrequency>3</termfrequency>
</term>
<term>
<termid>3</termid>
<termfrequency>0</termfrequency>
</term>
</stream>
<stream>
<streamid>3</streamid>
<length>184</length>
<uniquelength>113</uniquelength>
<term>
<termid>1</termid>
<termfrequency>0</termfrequency>
</term>
<term>
<termid>2</termid>
<termfrequency>4</termfrequency>
</term>
<term>
<termid>3</termid>
<termfrequency>0</termfrequency>
</term>
</stream>
</doc>
<doc>
<docid>6038</docid>
<label>0</label>
<stream>
<streamid>1</streamid>
<length>5</length>
<uniquelength>5</uniquelength>
<term>
<termid>1</termid>
<termfrequency>0</termfrequency>
</term>
<term>
<termid>2</termid>
<termfrequency>1</termfrequency>
</term>
<term>
<termid>3</termid>
<termfrequency>1</termfrequency>
</term>
</stream>
<stream>
<streamid>2</streamid>
<length>57</length>
<uniquelength>48</uniquelength>
<term>
<termid>1</termid>
<termfrequency>0</termfrequency>
</term>
<term>
<termid>2</termid>
<termfrequency>0</termfrequency>
</term>
<term>
<termid>3</termid>
<termfrequency>0</termfrequency>
</term>
</stream>
<stream>
<streamid>3</streamid>
<length>62</length>
<uniquelength>51</uniquelength>
<term>
<termid>1</termid>
<termfrequency>0</termfrequency>
</term>
<term>
<termid>2</termid>
<termfrequency>1</termfrequency>
</term>
<term>
<termid>3</termid>
<termfrequency>1</termfrequency>
</term>
</stream>
</doc>
<doc>
<docid>102721</docid>
<label>0</label>
<stream>
<streamid>1</streamid>
<length>9</length>
<uniquelength>9</uniquelength>
<term>
<termid>1</termid>
<termfrequency>0</termfrequency>
</term>
<term>
<termid>2</termid>
<termfrequency>1</termfrequency>
</term>
<term>
<termid>3</termid>
<termfrequency>0</termfrequency>
</term>
</stream>
<stream>
<streamid>2</streamid>
<length>135</length>
<uniquelength>104</uniquelength>
<term>
<termid>1</termid>
<termfrequency>0</termfrequency>
</term>
<term>
<termid>2</termid>
<termfrequency>1</termfrequency>
</term>
<term>
<termid>3</termid>
<termfrequency>1</termfrequency>
</term>
</stream>
<stream>
<streamid>3</streamid>
<length>144</length>
<uniquelength>105</uniquelength>
<term>
<termid>1</termid>
<termfrequency>0</termfrequency>
</term>
<term>
<termid>2</termid>
<termfrequency>2</termfrequency>
</term>
<term>
<termid>3</termid>
<termfrequency>1</termfrequency>
</term>
</stream>
</doc>
<doc>
<docid>156392</docid>
<label>1</label>
<stream>
<streamid>1</streamid>
<length>5</length>
<uniquelength>5</uniquelength>
<term>
<termid>1</termid>
<termfrequency>0</termfrequency>
</term>
<term>
<termid>2</termid>
<termfrequency>0</termfrequency>
</term>
<term>
<termid>3</termid>
<termfrequency>0</termfrequency>
</term>
</stream>
<stream>
<streamid>2</streamid>
<length>104</length>
<uniquelength>65</uniquelength>
<term>
<termid>1</termid>
<termfrequency>1</termfrequency>
</term>
<term>
<termid>2</termid>
<termfrequency>1</termfrequency>
</term>
<term>
<termid>3</termid>
<termfrequency>0</termfrequency>
</term>
</stream>
<stream>
<streamid>3</streamid>
<length>109</length>
<uniquelength>65</uniquelength>
<term>
<termid>1</termid>
<termfrequency>1</termfrequency>
</term>
<term>
<termid>2</termid>
<termfrequency>1</termfrequency>
</term>
<term>
<termid>3</termid>
<termfrequency>0</termfrequency>
</term>
</stream>
</doc>
<doc>
<docid>328939</docid>
<label>1</label>
<stream>
<streamid>1</streamid>
<length>8</length>
<uniquelength>8</uniquelength>
<term>
<termid>1</termid>
<termfrequency>0</termfrequency>
</term>
<term>
<termid>2</termid>
<termfrequency>1</termfrequency>
</term>
<term>
<termid>3</termid>
<termfrequency>1</termfrequency>
</term>
</stream>
<stream>
<streamid>2</streamid>
<length>174</length>
<uniquelength>112</uniquelength>
<term>
<termid>1</termid>
<termfrequency>0</termfrequency>
</term>
<term>
<termid>2</termid>
<termfrequency>1</termfrequency>
</term>
<term>
<termid>3</termid>
<termfrequency>1</termfrequency>
</term>
</stream>
<stream>
<streamid>3</streamid>
<length>182</length>
<uniquelength>114</uniquelength>
<term>
<termid>1</termid>
<termfrequency>0</termfrequency>
</term>
<term>
<termid>2</termid>
<termfrequency>2</termfrequency>
</term>
<term>
<termid>3</termid>
<termfrequency>2</termfrequency>
</term>
</stream>
</doc>
<doc>
<docid>247212</docid>
<label>1</label>
<stream>
<streamid>1</streamid>
<length>15</length>
<uniquelength>14</uniquelength>
<term>
<termid>1</termid>
<termfrequency>0</termfrequency>
</term>
<term>
<termid>2</termid>
<termfrequency>1</termfrequency>
</term>
<term>
<termid>3</termid>
<termfrequency>0</termfrequency>
</term>
</stream>
<stream>
<streamid>2</streamid>
<length>104</length>
<uniquelength>70</uniquelength>
<term>
<termid>1</termid>
<termfrequency>0</termfrequency>
</term>
<term>
<termid>2</termid>
<termfrequency>1</termfrequency>
</term>
<term>
<termid>3</termid>
<termfrequency>0</termfrequency>
</term>
</stream>
<stream>
<streamid>3</streamid>
<length>119</length>
<uniquelength>75</uniquelength>
<term>
<termid>1</termid>
<termfrequency>0</termfrequency>
</term>
<term>
<termid>2</termid>
<termfrequency>2</termfrequency>
</term>
<term>
<termid>3</termid>
<termfrequency>0</termfrequency>
</term>
</stream>
</doc>
<doc>
<docid>284555</docid>
<label>0</label>
<stream>
<streamid>1</streamid>
<length>6</length>
<uniquelength>6</uniquelength>
<term>
<termid>1</termid>
<termfrequency>0</termfrequency>
</term>
<term>
<termid>2</termid>
<termfrequency>0</termfrequency>
</term>
<term>
<termid>3</termid>
<termfrequency>0</termfrequency>
</term>
</stream>
<stream>
<streamid>2</streamid>
<length>116</length>
<uniquelength>86</uniquelength>
<term>
<termid>1</termid>
<termfrequency>0</termfrequency>
</term>
<term>
<termid>2</termid>
<termfrequency>2</termfrequency>
</term>
<term>
<termid>3</termid>
<termfrequency>0</termfrequency>
</term>
</stream>
<stream>
<streamid>3</streamid>
<length>122</length>
<uniquelength>86</uniquelength>
<term>
<termid>1</termid>
<termfrequency>0</termfrequency>
</term>
<term>
<termid>2</termid>
<termfrequency>2</termfrequency>
</term>
<term>
<termid>3</termid>
<termfrequency>0</termfrequency>
</term>
</stream>
</doc>
<doc>
<docid>111875</docid>
<label>0</label>
<stream>
<streamid>1</streamid>
<length>5</length>
<uniquelength>5</uniquelength>
<term>
<termid>1</termid>
<termfrequency>0</termfrequency>
</term>
<term>
<termid>2</termid>
<termfrequency>0</termfrequency>
</term>
<term>
<termid>3</termid>
<termfrequency>0</termfrequency>
</term>
</stream>
<stream>
<streamid>2</streamid>
<length>181</length>
<uniquelength>95</uniquelength>
<term>
<termid>1</termid>
<termfrequency>2</termfrequency>
</term>
<term>
<termid>2</termid>
<termfrequency>1</termfrequency>
</term>
<term>
<termid>3</termid>
<termfrequency>0</termfrequency>
</term>
</stream>
<stream>
<streamid>3</streamid>
<length>186</length>
<uniquelength>96</uniquelength>
<term>
<termid>1</termid>
<termfrequency>2</termfrequency>
</term>
<term>
<termid>2</termid>
<termfrequency>1</termfrequency>
</term>
<term>
<termid>3</termid>
<termfrequency>0</termfrequency>
</term>
</stream>
</doc>
<doc>
<docid>174443</docid>
<label>0</label>
<stream>
<streamid>1</streamid>
<length>10</length>
<uniquelength>10</uniquelength>
<term>
<termid>1</termid>
<termfrequency>0</termfrequency>
</term>
<term>
<termid>2</termid>
<termfrequency>0</termfrequency>
</term>
<term>
<termid>3</termid>
<termfrequency>1</termfrequency>
</term>
</stream>
<stream>
<streamid>2</streamid>
<length>204</length>
<uniquelength>103</uniquelength>
<term>
<termid>1</termid>
<termfrequency>0</termfrequency>
</term>
<term>
<termid>2</termid>
<termfrequency>2</termfrequency>
</term>
<term>
<termid>3</termid>
<termfrequency>0</termfrequency>
</term>
</stream>
<stream>
<streamid>3</streamid>
<length>214</length>
<uniquelength>107</uniquelength>
<term>
<termid>1</termid>
<termfrequency>0</termfrequency>
</term>
<term>
<termid>2</termid>
<termfrequency>2</termfrequency>
</term>
<term>
<termid>3</termid>
<termfrequency>1</termfrequency>
</term>
</stream>
</doc>
<doc>
<docid>270348</docid>
<label>0</label>
<stream>
<streamid>1</streamid>
<length>10</length>
<uniquelength>10</uniquelength>
<term>
<termid>1</termid>
<termfrequency>1</termfrequency>
</term>
<term>
<termid>2</termid>
<termfrequency>0</termfrequency>
</term>
<term>
<termid>3</termid>
<termfrequency>1</termfrequency>
</term>
</stream>
<stream>
<streamid>2</streamid>
<length>157</length>
<uniquelength>94</uniquelength>
<term>
<termid>1</termid>
<termfrequency>3</termfrequency>
</term>
<term>
<termid>2</termid>
<termfrequency>0</termfrequency>
</term>
<term>
<termid>3</termid>
<termfrequency>3</termfrequency>
</term>
</stream>
<stream>
<streamid>3</streamid>
<length>167</length>
<uniquelength>95</uniquelength>
<term>
<termid>1</termid>
<termfrequency>4</termfrequency>
</term>
<term>
<termid>2</termid>
<termfrequency>0</termfrequency>
</term>
<term>
<termid>3</termid>
<termfrequency>4</termfrequency>
</term>
</stream>
</doc>
<doc>
<docid>9771</docid>
<label>0</label>
<stream>
<streamid>1</streamid>
<length>7</length>
<uniquelength>7</uniquelength>
<term>
<termid>1</termid>
<termfrequency>0</termfrequency>
</term>
<term>
<termid>2</termid>
<termfrequency>0</termfrequency>
</term>
<term>
<termid>3</termid>
<termfrequency>0</termfrequency>
</term>
</stream>
<stream>
<streamid>2</streamid>
<length>94</length>
<uniquelength>54</uniquelength>
<term>
<termid>1</termid>
<termfrequency>0</termfrequency>
</term>
<term>
<termid>2</termid>
<termfrequency>1</termfrequency>
</term>
<term>
<termid>3</termid>
<termfrequency>0</termfrequency>
</term>
</stream>
<stream>
<streamid>3</streamid>
<length>101</length>
<uniquelength>55</uniquelength>
<term>
<termid>1</termid>
<termfrequency>0</termfrequency>
</term>
<term>
<termid>2</termid>
<termfrequency>1</termfrequency>
</term>
<term>
<termid>3</termid>
<termfrequency>0</termfrequency>
</term>
</stream>
</doc>
<doc>
<docid>22885</docid>
<label>0</label>
<stream>
<streamid>1</streamid>
<length>8</length>
<uniquelength>8</uniquelength>
<term>
<termid>1</termid>
<termfrequency>0</termfrequency>
</term>
<term>
<termid>2</termid>
<termfrequency>0</termfrequency>
</term>
<term>
<termid>3</termid>
<termfrequency>0</termfrequency>
</term>
</stream>
<stream>
<streamid>2</streamid>
<length>94</length>
<uniquelength>53</uniquelength>
<term>
<termid>1</termid>
<termfrequency>0</termfrequency>
</term>
<term>
<termid>2</termid>
<termfrequency>1</termfrequency>
</term>
<term>
<termid>3</termid>
<termfrequency>0</termfrequency>
</term>
</stream>
<stream>
<streamid>3</streamid>
<length>102</length>
<uniquelength>53</uniquelength>
<term>
<termid>1</termid>
<termfrequency>0</termfrequency>
</term>
<term>
<termid>2</termid>
<termfrequency>1</termfrequency>
</term>
<term>
<termid>3</termid>
<termfrequency>0</termfrequency>
</term>
</stream>
</doc>
<doc>
<docid>66526</docid>
<label>1</label>
<stream>
<streamid>1</streamid>
<length>6</length>
<uniquelength>6</uniquelength>
<term>
<termid>1</termid>
<termfrequency>1</termfrequency>
</term>
<term>
<termid>2</termid>
<termfrequency>0</termfrequency>
</term>
<term>
<termid>3</termid>
<termfrequency>0</termfrequency>
</term>
</stream>
<stream>
<streamid>2</streamid>
<length>121</length>
<uniquelength>69</uniquelength>
<term>
<termid>1</termid>
<termfrequency>10</termfrequency>
</term>
<term>
<termid>2</termid>
<termfrequency>0</termfrequency>
</term>
<term>
<termid>3</termid>
<termfrequency>0</termfrequency>
</term>
</stream>
<stream>
<streamid>3</streamid>
<length>127</length>
<uniquelength>69</uniquelength>
<term>
<termid>1</termid>
<termfrequency>11</termfrequency>
</term>
<term>
<termid>2</termid>
<termfrequency>0</termfrequency>
</term>
<term>
<termid>3</termid>
<termfrequency>0</termfrequency>
</term>
</stream>
</doc>
<doc>
<docid>263435</docid>
<label>0</label>
<stream>
<streamid>1</streamid>
<length>10</length>
<uniquelength>10</uniquelength>
<term>
<termid>1</termid>
<termfrequency>1</termfrequency>
</term>
<term>
<termid>2</termid>
<termfrequency>0</termfrequency>
</term>
<term>
<termid>3</termid>
<termfrequency>0</termfrequency>
</term>
</stream>
<stream>
<streamid>2</streamid>
<length>141</length>
<uniquelength>73</uniquelength>
<term>
<termid>1</termid>
<termfrequency>11</termfrequency>
</term>
<term>
<termid>2</termid>
<termfrequency>0</termfrequency>
</term>
<term>
<termid>3</termid>
<termfrequency>0</termfrequency>
</term>
</stream>
<stream>
<streamid>3</streamid>
<length>151</length>
<uniquelength>76</uniquelength>
<term>
<termid>1</termid>
<termfrequency>12</termfrequency>
</term>
<term>
<termid>2</termid>
<termfrequency>0</termfrequency>
</term>
<term>
<termid>3</termid>
<termfrequency>0</termfrequency>
</term>
</stream>
</doc>
<doc>
<docid>261632</docid>
<label>0</label>
<stream>
<streamid>1</streamid>
<length>13</length>
<uniquelength>13</uniquelength>
<term>
<termid>1</termid>
<termfrequency>1</termfrequency>
</term>
<term>
<termid>2</termid>
<termfrequency>0</termfrequency>
</term>
<term>
<termid>3</termid>
<termfrequency>0</termfrequency>
</term>
</stream>
<stream>
<streamid>2</streamid>
<length>196</length>
<uniquelength>113</uniquelength>
<term>
<termid>1</termid>
<termfrequency>4</termfrequency>
</term>
<term>
<termid>2</termid>
<termfrequency>0</termfrequency>
</term>
<term>
<termid>3</termid>
<termfrequency>2</termfrequency>
</term>
</stream>
<stream>
<streamid>3</streamid>
<length>209</length>
<uniquelength>113</uniquelength>
<term>
<termid>1</termid>
<termfrequency>5</termfrequency>
</term>
<term>
<termid>2</termid>
<termfrequency>0</termfrequency>
</term>
<term>
<termid>3</termid>
<termfrequency>2</termfrequency>
</term>
</stream>
</doc>
<doc>
<docid>340593</docid>
<label>0</label>
<stream>
<streamid>1</streamid>
<length>6</length>
<uniquelength>6</uniquelength>
<term>
<termid>1</termid>
<termfrequency>0</termfrequency>
</term>
<term>
<termid>2</termid>
<termfrequency>1</termfrequency>
</term>
<term>
<termid>3</termid>
<termfrequency>0</termfrequency>
</term>
</stream>
<stream>
<streamid>2</streamid>
<length>112</length>
<uniquelength>75</uniquelength>
<term>
<termid>1</termid>
<termfrequency>0</termfrequency>
</term>
<term>
<termid>2</termid>
<termfrequency>0</termfrequency>
</term>
<term>
<termid>3</termid>
<termfrequency>0</termfrequency>
</term>
</stream>
<stream>
<streamid>3</streamid>
<length>118</length>
<uniquelength>78</uniquelength>
<term>
<termid>1</termid>
<termfrequency>0</termfrequency>
</term>
<term>
<termid>2</termid>
<termfrequency>1</termfrequency>
</term>
<term>
<termid>3</termid>
<termfrequency>0</termfrequency>
</term>
</stream>
</doc>
<doc>
<docid>330875</docid>
<label>0</label>
<stream>
<streamid>1</streamid>
<length>11</length>
<uniquelength>11</uniquelength>
<term>
<termid>1</termid>
<termfrequency>1</termfrequency>
</term>
<term>
<termid>2</termid>
<termfrequency>0</termfrequency>
</term>
<term>
<termid>3</termid>
<termfrequency>0</termfrequency>
</term>
</stream>
<stream>
<streamid>2</streamid>
<length>127</length>
<uniquelength>82</uniquelength>
<term>
<termid>1</termid>
<termfrequency>6</termfrequency>
</term>
<term>
<termid>2</termid>
<termfrequency>0</termfrequency>
</term>
<term>
<termid>3</termid>
<termfrequency>0</termfrequency>
</term>
</stream>
<stream>
<streamid>3</streamid>
<length>138</length>
<uniquelength>83</uniquelength>
<term>
<termid>1</termid>
<termfrequency>7</termfrequency>
</term>
<term>
<termid>2</termid>
<termfrequency>0</termfrequency>
</term>
<term>
<termid>3</termid>
<termfrequency>0</termfrequency>
</term>
</stream>
</doc>
<doc>
<docid>144099</docid>
<label>0</label>
<stream>
<streamid>1</streamid>
<length>12</length>
<uniquelength>12</uniquelength>
<term>
<termid>1</termid>
<termfrequency>1</termfrequency>
</term>
<term>
<termid>2</termid>
<termfrequency>0</termfrequency>
</term>
<term>
<termid>3</termid>
<termfrequency>0</termfrequency>
</term>
</stream>
<stream>
<streamid>2</streamid>
<length>176</length>
<uniquelength>111</uniquelength>
<term>
<termid>1</termid>
<termfrequency>3</termfrequency>
</term>
<term>
<termid>2</termid>
<termfrequency>0</termfrequency>
</term>
<term>
<termid>3</termid>
<termfrequency>1</termfrequency>
</term>
</stream>
<stream>
<streamid>3</streamid>
<length>188</length>
<uniquelength>114</uniquelength>
<term>
<termid>1</termid>
<termfrequency>4</termfrequency>
</term>
<term>
<termid>2</termid>
<termfrequency>0</termfrequency>
</term>
<term>
<termid>3</termid>
<termfrequency>1</termfrequency>
</term>
</stream>
</doc>
<doc>
<docid>3490</docid>
<label>1</label>
<stream>
<streamid>1</streamid>
<length>4</length>
<uniquelength>4</uniquelength>
<term>
<termid>1</termid>
<termfrequency>1</termfrequency>
</term>
<term>
<termid>2</termid>
<termfrequency>0</termfrequency>
</term>
<term>
<termid>3</termid>
<termfrequency>0</termfrequency>
</term>
</stream>
<stream>
<streamid>2</streamid>
<length>0</length>
<uniquelength>0</uniquelength>
<term>
<termid>1</termid>
<termfrequency>0</termfrequency>
</term>
<term>
<termid>2</termid>
<termfrequency>0</termfrequency>
</term>
<term>
<termid>3</termid>
<termfrequency>0</termfrequency>
</term>
</stream>
<stream>
<streamid>3</streamid>
<length>4</length>
<uniquelength>4</uniquelength>
<term>
<termid>1</termid>
<termfrequency>1</termfrequency>
</term>
<term>
<termid>2</termid>
<termfrequency>0</termfrequency>
</term>
<term>
<termid>3</termid>
<termfrequency>0</termfrequency>
</term>
</stream>
</doc>
<doc>
<docid>294618</docid>
<label>0</label>
<stream>
<streamid>1</streamid>
<length>8</length>
<uniquelength>8</uniquelength>
<term>
<termid>1</termid>
<termfrequency>0</termfrequency>
</term>
<term>
<termid>2</termid>
<termfrequency>0</termfrequency>
</term>
<term>
<termid>3</termid>
<termfrequency>0</termfrequency>
</term>
</stream>
<stream>
<streamid>2</streamid>
<length>136</length>
<uniquelength>67</uniquelength>
<term>
<termid>1</termid>
<termfrequency>0</termfrequency>
</term>
<term>
<termid>2</termid>
<termfrequency>1</termfrequency>
</term>
<term>
<termid>3</termid>
<termfrequency>0</termfrequency>
</term>
</stream>
<stream>
<streamid>3</streamid>
<length>144</length>
<uniquelength>67</uniquelength>
<term>
<termid>1</termid>
<termfrequency>0</termfrequency>
</term>
<term>
<termid>2</termid>
<termfrequency>1</termfrequency>
</term>
<term>
<termid>3</termid>
<termfrequency>0</termfrequency>
</term>
</stream>
</doc>
<doc>
<docid>93840</docid>
<label>1</label>
<stream>
<streamid>1</streamid>
<length>6</length>
<uniquelength>6</uniquelength>
<term>
<termid>1</termid>
<termfrequency>1</termfrequency>
</term>
<term>
<termid>2</termid>
<termfrequency>0</termfrequency>
</term>
<term>
<termid>3</termid>
<termfrequency>0</termfrequency>
</term>
</stream>
<stream>
<streamid>2</streamid>
<length>0</length>
<uniquelength>0</uniquelength>
<term>
<termid>1</termid>
<termfrequency>0</termfrequency>
</term>
<term>
<termid>2</termid>
<termfrequency>0</termfrequency>
</term>
<term>
<termid>3</termid>
<termfrequency>0</termfrequency>
</term>
</stream>
<stream>
<streamid>3</streamid>
<length>6</length>
<uniquelength>6</uniquelength>
<term>
<termid>1</termid>
<termfrequency>1</termfrequency>
</term>
<term>
<termid>2</termid>
<termfrequency>0</termfrequency>
</term>
<term>
<termid>3</termid>
<termfrequency>0</termfrequency>
</term>
</stream>
</doc>
<doc>
<docid>289128</docid>
<label>0</label>
<stream>
<streamid>1</streamid>
<length>10</length>
<uniquelength>10</uniquelength>
<term>
<termid>1</termid>
<termfrequency>1</termfrequency>
</term>
<term>
<termid>2</termid>
<termfrequency>0</termfrequency>
</term>
<term>
<termid>3</termid>
<termfrequency>0</termfrequency>
</term>
</stream>
<stream>
<streamid>2</streamid>
<length>0</length>
<uniquelength>0</uniquelength>
<term>
<termid>1</termid>
<termfrequency>0</termfrequency>
</term>
<term>
<termid>2</termid>
<termfrequency>0</termfrequency>
</term>
<term>
<termid>3</termid>
<termfrequency>0</termfrequency>
</term>
</stream>
<stream>
<streamid>3</streamid>
<length>10</length>
<uniquelength>10</uniquelength>
<term>
<termid>1</termid>
<termfrequency>1</termfrequency>
</term>
<term>
<termid>2</termid>
<termfrequency>0</termfrequency>
</term>
<term>
<termid>3</termid>
<termfrequency>0</termfrequency>
</term>
</stream>
</doc>
<doc>
<docid>107554</docid>
<label>0</label>
<stream>
<streamid>1</streamid>
<length>6</length>
<uniquelength>6</uniquelength>
<term>
<termid>1</termid>
<termfrequency>1</termfrequency>
</term>
<term>
<termid>2</termid>
<termfrequency>0</termfrequency>
</term>
<term>
<termid>3</termid>
<termfrequency>0</termfrequency>
</term>
</stream>
<stream>
<streamid>2</streamid>
<length>168</length>
<uniquelength>105</uniquelength>
<term>
<termid>1</termid>
<termfrequency>2</termfrequency>
</term>
<term>
<termid>2</termid>
<termfrequency>0</termfrequency>
</term>
<term>
<termid>3</termid>
<termfrequency>1</termfrequency>
</term>
</stream>
<stream>
<streamid>3</streamid>
<length>174</length>
<uniquelength>106</uniquelength>
<term>
<termid>1</termid>
<termfrequency>3</termfrequency>
</term>
<term>
<termid>2</termid>
<termfrequency>0</termfrequency>
</term>
<term>
<termid>3</termid>
<termfrequency>1</termfrequency>
</term>
</stream>
</doc>
<doc>
<docid>140404</docid>
<label>0</label>
<stream>
<streamid>1</streamid>
<length>15</length>
<uniquelength>14</uniquelength>
<term>
<termid>1</termid>
<termfrequency>1</termfrequency>
</term>
<term>
<termid>2</termid>
<termfrequency>0</termfrequency>
</term>
<term>
<termid>3</termid>
<termfrequency>0</termfrequency>
</term>
</stream>
<stream>
<streamid>2</streamid>
<length>151</length>
<uniquelength>96</uniquelength>
<term>
<termid>1</termid>
<termfrequency>3</termfrequency>
</term>
<term>
<termid>2</termid>
<termfrequency>0</termfrequency>
</term>
<term>
<termid>3</termid>
<termfrequency>0</termfrequency>
</term>
</stream>
<stream>
<streamid>3</streamid>
<length>166</length>
<uniquelength>98</uniquelength>
<term>
<termid>1</termid>
<termfrequency>4</termfrequency>
</term>
<term>
<termid>2</termid>
<termfrequency>0</termfrequency>
</term>
<term>
<termid>3</termid>
<termfrequency>0</termfrequency>
</term>
</stream>
</doc>
<doc>
<docid>328933</docid>
<label>0</label>
<stream>
<streamid>1</streamid>
<length>14</length>
<uniquelength>14</uniquelength>
<term>
<termid>1</termid>
<termfrequency>0</termfrequency>
</term>
<term>
<termid>2</termid>
<termfrequency>0</termfrequency>
</term>
<term>
<termid>3</termid>
<termfrequency>0</termfrequency>
</term>
</stream>
<stream>
<streamid>2</streamid>
<length>186</length>
<uniquelength>88</uniquelength>
<term>
<termid>1</termid>
<termfrequency>0</termfrequency>
</term>
<term>
<termid>2</termid>
<termfrequency>1</termfrequency>
</term>
<term>
<termid>3</termid>
<termfrequency>0</termfrequency>
</term>
</stream>
<stream>
<streamid>3</streamid>
<length>200</length>
<uniquelength>91</uniquelength>
<term>
<termid>1</termid>
<termfrequency>0</termfrequency>
</term>
<term>
<termid>2</termid>
<termfrequency>1</termfrequency>
</term>
<term>
<termid>3</termid>
<termfrequency>0</termfrequency>
</term>
</stream>
</doc>
<doc>
<docid>317873</docid>
<label>0</label>
<stream>
<streamid>1</streamid>
<length>12</length>
<uniquelength>12</uniquelength>
<term>
<termid>1</termid>
<termfrequency>1</termfrequency>
</term>
<term>
<termid>2</termid>
<termfrequency>0</termfrequency>
</term>
<term>
<termid>3</termid>
<termfrequency>0</termfrequency>
</term>
</stream>
<stream>
<streamid>2</streamid>
<length>77</length>
<uniquelength>57</uniquelength>
<term>
<termid>1</termid>
<termfrequency>1</termfrequency>
</term>
<term>
<termid>2</termid>
<termfrequency>0</termfrequency>
</term>
<term>
<termid>3</termid>
<termfrequency>0</termfrequency>
</term>
</stream>
<stream>
<streamid>3</streamid>
<length>89</length>
<uniquelength>62</uniquelength>
<term>
<termid>1</termid>
<termfrequency>2</termfrequency>
</term>
<term>
<termid>2</termid>
<termfrequency>0</termfrequency>
</term>
<term>
<termid>3</termid>
<termfrequency>0</termfrequency>
</term>
</stream>
</doc>
<doc>
<docid>41793</docid>
<label>0</label>
<stream>
<streamid>1</streamid>
<length>15</length>
<uniquelength>15</uniquelength>
<term>
<termid>1</termid>
<termfrequency>1</termfrequency>
</term>
<term>
<termid>2</termid>
<termfrequency>0</termfrequency>
</term>
<term>
<termid>3</termid>
<termfrequency>0</termfrequency>
</term>
</stream>
<stream>
<streamid>2</streamid>
<length>93</length>
<uniquelength>55</uniquelength>
<term>
<termid>1</termid>
<termfrequency>1</termfrequency>
</term>
<term>
<termid>2</termid>
<termfrequency>0</termfrequency>
</term>
<term>
<termid>3</termid>
<termfrequency>0</termfrequency>
</term>
</stream>
<stream>
<streamid>3</streamid>
<length>108</length>
<uniquelength>61</uniquelength>
<term>
<termid>1</termid>
<termfrequency>2</termfrequency>
</term>
<term>
<termid>2</termid>
<termfrequency>0</termfrequency>
</term>
<term>
<termid>3</termid>
<termfrequency>0</termfrequency>
</term>
</stream>
</doc>
<doc>
<docid>65430</docid>
<label>0</label>
<stream>
<streamid>1</streamid>
<length>11</length>
<uniquelength>11</uniquelength>
<term>
<termid>1</termid>
<termfrequency>1</termfrequency>
</term>
<term>
<termid>2</termid>
<termfrequency>0</termfrequency>
</term>
<term>
<termid>3</termid>
<termfrequency>0</termfrequency>
</term>
</stream>
<stream>
<streamid>2</streamid>
<length>31</length>
<uniquelength>28</uniquelength>
<term>
<termid>1</termid>
<termfrequency>0</termfrequency>
</term>
<term>
<termid>2</termid>
<termfrequency>0</termfrequency>
</term>
<term>
<termid>3</termid>
<termfrequency>0</termfrequency>
</term>
</stream>
<stream>
<streamid>3</streamid>
<length>42</length>
<uniquelength>34</uniquelength>
<term>
<termid>1</termid>
<termfrequency>1</termfrequency>
</term>
<term>
<termid>2</termid>
<termfrequency>0</termfrequency>
</term>
<term>
<termid>3</termid>
<termfrequency>0</termfrequency>
</term>
</stream>
</doc>
<doc>
<docid>188609</docid>
<label>0</label>
<stream>
<streamid>1</streamid>
<length>12</length>
<uniquelength>12</uniquelength>
<term>
<termid>1</termid>
<termfrequency>1</termfrequency>
</term>
<term>
<termid>2</termid>
<termfrequency>0</termfrequency>
</term>
<term>
<termid>3</termid>
<termfrequency>0</termfrequency>
</term>
</stream>
<stream>
<streamid>2</streamid>
<length>106</length>
<uniquelength>66</uniquelength>
<term>
<termid>1</termid>
<termfrequency>1</termfrequency>
</term>
<term>
<termid>2</termid>
<termfrequency>0</termfrequency>
</term>
<term>
<termid>3</termid>
<termfrequency>0</termfrequency>
</term>
</stream>
<stream>
<streamid>3</streamid>
<length>118</length>
<uniquelength>66</uniquelength>
<term>
<termid>1</termid>
<termfrequency>2</termfrequency>
</term>
<term>
<termid>2</termid>
<termfrequency>0</termfrequency>
</term>
<term>
<termid>3</termid>
<termfrequency>0</termfrequency>
</term>
</stream>
</doc>
<doc>
<docid>194388</docid>
<label>0</label>
<stream>
<streamid>1</streamid>
<length>20</length>
<uniquelength>19</uniquelength>
<term>
<termid>1</termid>
<termfrequency>0</termfrequency>
</term>
<term>
<termid>2</termid>
<termfrequency>0</termfrequency>
</term>
<term>
<termid>3</termid>
<termfrequency>1</termfrequency>
</term>
</stream>
<stream>
<streamid>2</streamid>
<length>158</length>
<uniquelength>105</uniquelength>
<term>
<termid>1</termid>
<termfrequency>1</termfrequency>
</term>
<term>
<termid>2</termid>
<termfrequency>0</termfrequency>
</term>
<term>
<termid>3</termid>
<termfrequency>1</termfrequency>
</term>
</stream>
<stream>
<streamid>3</streamid>
<length>178</length>
<uniquelength>111</uniquelength>
<term>
<termid>1</termid>
<termfrequency>1</termfrequency>
</term>
<term>
<termid>2</termid>
<termfrequency>0</termfrequency>
</term>
<term>
<termid>3</termid>
<termfrequency>2</termfrequency>
</term>
</stream>
</doc>
<doc>
<docid>29182</docid>
<label>1</label>
<stream>
<streamid>1</streamid>
<length>8</length>
<uniquelength>8</uniquelength>
<term>
<termid>1</termid>
<termfrequency>1</termfrequency>
</term>
<term>
<termid>2</termid>
<termfrequency>0</termfrequency>
</term>
<term>
<termid>3</termid>
<termfrequency>0</termfrequency>
</term>
</stream>
<stream>
<streamid>2</streamid>
<length>149</length>
<uniquelength>84</uniquelength>
<term>
<termid>1</termid>
<termfrequency>1</termfrequency>
</term>
<term>
<termid>2</termid>
<termfrequency>0</termfrequency>
</term>
<term>
<termid>3</termid>
<termfrequency>0</termfrequency>
</term>
</stream>
<stream>
<streamid>3</streamid>
<length>157</length>
<uniquelength>85</uniquelength>
<term>
<termid>1</termid>
<termfrequency>2</termfrequency>
</term>
<term>
<termid>2</termid>
<termfrequency>0</termfrequency>
</term>
<term>
<termid>3</termid>
<termfrequency>0</termfrequency>
</term>
</stream>
</doc>
<doc>
<docid>196225</docid>
<label>0</label>
<stream>
<streamid>1</streamid>
<length>13</length>
<uniquelength>13</uniquelength>
<term>
<termid>1</termid>
<termfrequency>0</termfrequency>
</term>
<term>
<termid>2</termid>
<termfrequency>0</termfrequency>
</term>
<term>
<termid>3</termid>
<termfrequency>0</termfrequency>
</term>
</stream>
<stream>
<streamid>2</streamid>
<length>133</length>
<uniquelength>77</uniquelength>
<term>
<termid>1</termid>
<termfrequency>0</termfrequency>
</term>
<term>
<termid>2</termid>
<termfrequency>0</termfrequency>
</term>
<term>
<termid>3</termid>
<termfrequency>5</termfrequency>
</term>
</stream>
<stream>
<streamid>3</streamid>
<length>146</length>
<uniquelength>79</uniquelength>
<term>
<termid>1</termid>
<termfrequency>0</termfrequency>
</term>
<term>
<termid>2</termid>
<termfrequency>0</termfrequency>
</term>
<term>
<termid>3</termid>
<termfrequency>5</termfrequency>
</term>
</stream>
</doc>
<doc>
<docid>289569</docid>
<label>0</label>
<stream>
<streamid>1</streamid>
<length>8</length>
<uniquelength>8</uniquelength>
<term>
<termid>1</termid>
<termfrequency>0</termfrequency>
</term>
<term>
<termid>2</termid>
<termfrequency>0</termfrequency>
</term>
<term>
<termid>3</termid>
<termfrequency>1</termfrequency>
</term>
</stream>
<stream>
<streamid>2</streamid>
<length>192</length>
<uniquelength>112</uniquelength>
<term>
<termid>1</termid>
<termfrequency>0</termfrequency>
</term>
<term>
<termid>2</termid>
<termfrequency>0</termfrequency>
</term>
<term>
<termid>3</termid>
<termfrequency>5</termfrequency>
</term>
</stream>
<stream>
<streamid>3</streamid>
<length>200</length>
<uniquelength>113</uniquelength>
<term>
<termid>1</termid>
<termfrequency>0</termfrequency>
</term>
<term>
<termid>2</termid>
<termfrequency>0</termfrequency>
</term>
<term>
<termid>3</termid>
<termfrequency>6</termfrequency>
</term>
</stream>
</doc>
<doc>
<docid>143297</docid>
<label>0</label>
<stream>
<streamid>1</streamid>
<length>13</length>
<uniquelength>13</uniquelength>
<term>
<termid>1</termid>
<termfrequency>0</termfrequency>
</term>
<term>
<termid>2</termid>
<termfrequency>0</termfrequency>
</term>
<term>
<termid>3</termid>
<termfrequency>0</termfrequency>
</term>
</stream>
<stream>
<streamid>2</streamid>
<length>150</length>
<uniquelength>104</uniquelength>
<term>
<termid>1</termid>
<termfrequency>0</termfrequency>
</term>
<term>
<termid>2</termid>
<termfrequency>0</termfrequency>
</term>
<term>
<termid>3</termid>
<termfrequency>3</termfrequency>
</term>
</stream>
<stream>
<streamid>3</streamid>
<length>163</length>
<uniquelength>108</uniquelength>
<term>
<termid>1</termid>
<termfrequency>0</termfrequency>
</term>
<term>
<termid>2</termid>
<termfrequency>0</termfrequency>
</term>
<term>
<termid>3</termid>
<termfrequency>3</termfrequency>
</term>
</stream>
</doc>
<doc>
<docid>93848</docid>
<label>0</label>
<stream>
<streamid>1</streamid>
<length>9</length>
<uniquelength>9</uniquelength>
<term>
<termid>1</termid>
<termfrequency>0</termfrequency>
</term>
<term>
<termid>2</termid>
<termfrequency>0</termfrequency>
</term>
<term>
<termid>3</termid>
<termfrequency>0</termfrequency>
</term>
</stream>
<stream>
<streamid>2</streamid>
<length>120</length>
<uniquelength>61</uniquelength>
<term>
<termid>1</termid>
<termfrequency>0</termfrequency>
</term>
<term>
<termid>2</termid>
<termfrequency>0</termfrequency>
</term>
<term>
<termid>3</termid>
<termfrequency>2</termfrequency>
</term>
</stream>
<stream>
<streamid>3</streamid>
<length>129</length>
<uniquelength>63</uniquelength>
<term>
<termid>1</termid>
<termfrequency>0</termfrequency>
</term>
<term>
<termid>2</termid>
<termfrequency>0</termfrequency>
</term>
<term>
<termid>3</termid>
<termfrequency>2</termfrequency>
</term>
</stream>
</doc>
<doc>
<docid>90430</docid>
<label>0</label>
<stream>
<streamid>1</streamid>
<length>6</length>
<uniquelength>6</uniquelength>
<term>
<termid>1</termid>
<termfrequency>0</termfrequency>
</term>
<term>
<termid>2</termid>
<termfrequency>0</termfrequency>
</term>
<term>
<termid>3</termid>
<termfrequency>0</termfrequency>
</term>
</stream>
<stream>
<streamid>2</streamid>
<length>121</length>
<uniquelength>74</uniquelength>
<term>
<termid>1</termid>
<termfrequency>0</termfrequency>
</term>
<term>
<termid>2</termid>
<termfrequency>0</termfrequency>
</term>
<term>
<termid>3</termid>
<termfrequency>1</termfrequency>
</term>
</stream>
<stream>
<streamid>3</streamid>
<length>127</length>
<uniquelength>74</uniquelength>
<term>
<termid>1</termid>
<termfrequency>0</termfrequency>
</term>
<term>
<termid>2</termid>
<termfrequency>0</termfrequency>
</term>
<term>
<termid>3</termid>
<termfrequency>1</termfrequency>
</term>
</stream>
</doc>
<doc>
<docid>13231</docid>
<label>0</label>
<stream>
<streamid>1</streamid>
<length>14</length>
<uniquelength>14</uniquelength>
<term>
<termid>1</termid>
<termfrequency>0</termfrequency>
</term>
<term>
<termid>2</termid>
<termfrequency>0</termfrequency>
</term>
<term>
<termid>3</termid>
<termfrequency>0</termfrequency>
</term>
</stream>
<stream>
<streamid>2</streamid>
<length>131</length>
<uniquelength>82</uniquelength>
<term>
<termid>1</termid>
<termfrequency>0</termfrequency>
</term>
<term>
<termid>2</termid>
<termfrequency>0</termfrequency>
</term>
<term>
<termid>3</termid>
<termfrequency>1</termfrequency>
</term>
</stream>
<stream>
<streamid>3</streamid>
<length>145</length>
<uniquelength>82</uniquelength>
<term>
<termid>1</termid>
<termfrequency>0</termfrequency>
</term>
<term>
<termid>2</termid>
<termfrequency>0</termfrequency>
</term>
<term>
<termid>3</termid>
<termfrequency>1</termfrequency>
</term>
</stream>
</doc>
<doc>
<docid>320118</docid>
<label>0</label>
<stream>
<streamid>1</streamid>
<length>9</length>
<uniquelength>9</uniquelength>
<term>
<termid>1</termid>
<termfrequency>0</termfrequency>
</term>
<term>
<termid>2</termid>
<termfrequency>0</termfrequency>
</term>
<term>
<termid>3</termid>
<termfrequency>0</termfrequency>
</term>
</stream>
<stream>
<streamid>2</streamid>
<length>163</length>
<uniquelength>85</uniquelength>
<term>
<termid>1</termid>
<termfrequency>0</termfrequency>
</term>
<term>
<termid>2</termid>
<termfrequency>0</termfrequency>
</term>
<term>
<termid>3</termid>
<termfrequency>1</termfrequency>
</term>
</stream>
<stream>
<streamid>3</streamid>
<length>172</length>
<uniquelength>85</uniquelength>
<term>
<termid>1</termid>
<termfrequency>0</termfrequency>
</term>
<term>
<termid>2</termid>
<termfrequency>0</termfrequency>
</term>
<term>
<termid>3</termid>
<termfrequency>1</termfrequency>
</term>
</stream>
</doc>
<doc>
<docid>296013</docid>
<label>0</label>
<stream>
<streamid>1</streamid>
<length>9</length>
<uniquelength>9</uniquelength>
<term>
<termid>1</termid>
<termfrequency>0</termfrequency>
</term>
<term>
<termid>2</termid>
<termfrequency>0</termfrequency>
</term>
<term>
<termid>3</termid>
<termfrequency>0</termfrequency>
</term>
</stream>
<stream>
<streamid>2</streamid>
<length>0</length>
<uniquelength>0</uniquelength>
<term>
<termid>1</termid>
<termfrequency>0</termfrequency>
</term>
<term>
<termid>2</termid>
<termfrequency>0</termfrequency>
</term>
<term>
<termid>3</termid>
<termfrequency>0</termfrequency>
</term>
</stream>
<stream>
<streamid>3</streamid>
<length>9</length>
<uniquelength>9</uniquelength>
<term>
<termid>1</termid>
<termfrequency>0</termfrequency>
</term>
<term>
<termid>2</termid>
<termfrequency>0</termfrequency>
</term>
<term>
<termid>3</termid>
<termfrequency>0</termfrequency>
</term>
</stream>
</doc>
<doc>
<docid>40148</docid>
<label>0</label>
<stream>
<streamid>1</streamid>
<length>8</length>
<uniquelength>8</uniquelength>
<term>
<termid>1</termid>
<termfrequency>0</termfrequency>
</term>
<term>
<termid>2</termid>
<termfrequency>0</termfrequency>
</term>
<term>
<termid>3</termid>
<termfrequency>0</termfrequency>
</term>
</stream>
<stream>
<streamid>2</streamid>
<length>172</length>
<uniquelength>76</uniquelength>
<term>
<termid>1</termid>
<termfrequency>0</termfrequency>
</term>
<term>
<termid>2</termid>
<termfrequency>0</termfrequency>
</term>
<term>
<termid>3</termid>
<termfrequency>0</termfrequency>
</term>
</stream>
<stream>
<streamid>3</streamid>
<length>180</length>
<uniquelength>76</uniquelength>
<term>
<termid>1</termid>
<termfrequency>0</termfrequency>
</term>
<term>
<termid>2</termid>
<termfrequency>0</termfrequency>
</term>
<term>
<termid>3</termid>
<termfrequency>0</termfrequency>
</term>
</stream>
</doc>
<doc>
<docid>685</docid>
<label>0</label>
<stream>
<streamid>1</streamid>
<length>9</length>
<uniquelength>9</uniquelength>
<term>
<termid>1</termid>
<termfrequency>0</termfrequency>
</term>
<term>
<termid>2</termid>
<termfrequency>0</termfrequency>
</term>
<term>
<termid>3</termid>
<termfrequency>0</termfrequency>
</term>
</stream>
<stream>
<streamid>2</streamid>
<length>154</length>
<uniquelength>101</uniquelength>
<term>
<termid>1</termid>
<termfrequency>0</termfrequency>
</term>
<term>
<termid>2</termid>
<termfrequency>0</termfrequency>
</term>
<term>
<termid>3</termid>
<termfrequency>0</termfrequency>
</term>
</stream>
<stream>
<streamid>3</streamid>
<length>163</length>
<uniquelength>103</uniquelength>
<term>
<termid>1</termid>
<termfrequency>0</termfrequency>
</term>
<term>
<termid>2</termid>
<termfrequency>0</termfrequency>
</term>
<term>
<termid>3</termid>
<termfrequency>0</termfrequency>
</term>
</stream>
</doc>
<doc>
<docid>4736</docid>
<label>0</label>
<stream>
<streamid>1</streamid>
<length>7</length>
<uniquelength>7</uniquelength>
<term>
<termid>1</termid>
<termfrequency>0</termfrequency>
</term>
<term>
<termid>2</termid>
<termfrequency>0</termfrequency>
</term>
<term>
<termid>3</termid>
<termfrequency>0</termfrequency>
</term>
</stream>
<stream>
<streamid>2</streamid>
<length>193</length>
<uniquelength>95</uniquelength>
<term>
<termid>1</termid>
<termfrequency>0</termfrequency>
</term>
<term>
<termid>2</termid>
<termfrequency>0</termfrequency>
</term>
<term>
<termid>3</termid>
<termfrequency>0</termfrequency>
</term>
</stream>
<stream>
<streamid>3</streamid>
<length>200</length>
<uniquelength>95</uniquelength>
<term>
<termid>1</termid>
<termfrequency>0</termfrequency>
</term>
<term>
<termid>2</termid>
<termfrequency>0</termfrequency>
</term>
<term>
<termid>3</termid>
<termfrequency>0</termfrequency>
</term>
</stream>
</doc>
<doc>
<docid>181551</docid>
<label>0</label>
<stream>
<streamid>1</streamid>
<length>7</length>
<uniquelength>7</uniquelength>
<term>
<termid>1</termid>
<termfrequency>0</termfrequency>
</term>
<term>
<termid>2</termid>
<termfrequency>0</termfrequency>
</term>
<term>
<termid>3</termid>
<termfrequency>0</termfrequency>
</term>
</stream>
<stream>
<streamid>2</streamid>
<length>122</length>
<uniquelength>75</uniquelength>
<term>
<termid>1</termid>
<termfrequency>0</termfrequency>
</term>
<term>
<termid>2</termid>
<termfrequency>0</termfrequency>
</term>
<term>
<termid>3</termid>
<termfrequency>0</termfrequency>
</term>
</stream>
<stream>
<streamid>3</streamid>
<length>129</length>
<uniquelength>77</uniquelength>
<term>
<termid>1</termid>
<termfrequency>0</termfrequency>
</term>
<term>
<termid>2</termid>
<termfrequency>0</termfrequency>
</term>
<term>
<termid>3</termid>
<termfrequency>0</termfrequency>
</term>
</stream>
</doc>
<doc>
<docid>280902</docid>
<label>0</label>
<stream>
<streamid>1</streamid>
<length>10</length>
<uniquelength>10</uniquelength>
<term>
<termid>1</termid>
<termfrequency>0</termfrequency>
</term>
<term>
<termid>2</termid>
<termfrequency>0</termfrequency>
</term>
<term>
<termid>3</termid>
<termfrequency>0</termfrequency>
</term>
</stream>
<stream>
<streamid>2</streamid>
<length>137</length>
<uniquelength>103</uniquelength>
<term>
<termid>1</termid>
<termfrequency>0</termfrequency>
</term>
<term>
<termid>2</termid>
<termfrequency>0</termfrequency>
</term>
<term>
<termid>3</termid>
<termfrequency>0</termfrequency>
</term>
</stream>
<stream>
<streamid>3</streamid>
<length>147</length>
<uniquelength>107</uniquelength>
<term>
<termid>1</termid>
<termfrequency>0</termfrequency>
</term>
<term>
<termid>2</termid>
<termfrequency>0</termfrequency>
</term>
<term>
<termid>3</termid>
<termfrequency>0</termfrequency>
</term>
</stream>
</doc>
</docinfo>
</query>
