<?xml version="1.0" encoding="utf-8"?>
<query>
<id>5</id>
<streaminfo>
<stream>
<streamid>1</streamid>
<streamspecificquerylength>5</streamspecificquerylength>
</stream>
<stream>
<streamid>2</streamid>
<streamspecificquerylength>5</streamspecificquerylength>
</stream>
<stream>
<streamid>3</streamid>
<streamspecificquerylength>5</streamspecificquerylength>
</stream>
</streaminfo>
<terminfo>
<termnum>5</termnum>
<term>
<termid>1</termid>
<word>effect</word>
<stream>
<streamid>1</streamid>
<streamfrequency>22179</streamfrequency>
<streamtermfrequency>22330</streamtermfrequency>
</stream>
<stream>
<streamid>2</streamid>
<streamfrequency>61289</streamfrequency>
<streamtermfrequency>105900</streamtermfrequency>
</stream>
<stream>
<streamid>3</streamid>
<streamfrequency>69306</streamfrequency>
<streamtermfrequency>128230</streamtermfrequency>
</stream>
</term>
<term>
<termid>2</termid>
<word>etidron</word>
<stream>
<streamid>1</streamid>
<streamfrequency>26</streamfrequency>
<streamtermfrequency>26</streamtermfrequency>
</stream>
<stream>
<streamid>2</streamid>
<streamfrequency>39</streamfrequency>
<streamtermfrequency>110</streamtermfrequency>
</stream>
<stream>
<streamid>3</streamid>
<streamfrequency>45</streamfrequency>
<streamtermfrequency>136</streamtermfrequency>
</stream>
</term>
<term>
<termid>3</termid>
<word>treat</word>
<stream>
<streamid>1</streamid>
<streamfrequency>2604</streamfrequency>
<streamtermfrequency>2624</streamtermfrequency>
</stream>
<stream>
<streamid>2</streamid>
<streamfrequency>27019</streamfrequency>
<streamtermfrequency>41591</streamtermfrequency>
</stream>
<stream>
<streamid>3</streamid>
<streamfrequency>28564</streamfrequency>
<streamtermfrequency>44215</streamtermfrequency>
</stream>
</term>
<term>
<termid>4</termid>
<word>hypercalcemia</word>
<stream>
<streamid>1</streamid>
<streamfrequency>192</streamfrequency>
<streamtermfrequency>194</streamtermfrequency>
</stream>
<stream>
<streamid>2</streamid>
<streamfrequency>394</streamfrequency>
<streamtermfrequency>791</streamtermfrequency>
</stream>
<stream>
<streamid>3</streamid>
<streamfrequency>448</streamfrequency>
<streamtermfrequency>985</streamtermfrequency>
</stream>
</term>
<term>
<termid>5</termid>
<word>malign</word>
<stream>
<streamid>1</streamid>
<streamfrequency>2903</streamfrequency>
<streamtermfrequency>2930</streamtermfrequency>
</stream>
<stream>
<streamid>2</streamid>
<streamfrequency>7753</streamfrequency>
<streamtermfrequency>12390</streamtermfrequency>
</stream>
<stream>
<streamid>3</streamid>
<streamfrequency>8747</streamfrequency>
<streamtermfrequency>15320</streamtermfrequency>
</stream>
</term>
</terminfo>
<docinfo>
<docnum>56</docnum>
<doc>
<docid>345036</docid>
<label>2</label>
<stream>
<streamid>1</streamid>
<length>12</length>
<uniquelength>10</uniquelength>
<term>
<termid>1</termid>
<termfrequency>0</termfrequency>
</term>
<term>
<termid>2</termid>
<termfrequency>1</termfrequency>
</term>
<term>
<termid>3</termid>
<termfrequency>0</termfrequency>
</term>
<term>
<termid>4</termid>
<termfrequency>2</termfrequency>
</term>
<term>
<termid>5</termid>
<termfrequency>1</termfrequency>
</term>
</stream>
<stream>
<streamid>2</streamid>
<length>92</length>
<uniquelength>63</uniquelength>
<term>
<termid>1</termid>
<termfrequency>2</termfrequency>
</term>
<term>
<termid>2</termid>
<termfrequency>4</termfrequency>
</term>
<term>
<termid>3</termid>
<termfrequency>4</termfrequency>
</term>
<term>
<termid>4</termid>
<termfrequency>2</termfrequency>
</term>
<term>
<termid>5</termid>
<termfrequency>2</termfrequency>
</term>
</stream>
<stream>
<streamid>3</streamid>
<length>104</length>
<uniquelength>65</uniquelength>
<term>
<termid>1</termid>
<termfrequency>2</termfrequency>
</term>
<term>
<termid>2</termid>
<termfrequency>5</termfrequency>
</term>
<term>
<termid>3</termid>
<termfrequency>4</termfrequency>
</term>
<term>
<termid>4</termid>
<termfrequency>4</termfrequency>
</term>
<term>
<termid>5</termid>
<termfrequency>3</termfrequency>
</term>
</stream>
</doc>
<doc>
<docid>52235</docid>
<label>2</label>
<stream>
<streamid>1</streamid>
<length>5</length>
<uniquelength>5</uniquelength>
<term>
<termid>1</termid>
<termfrequency>0</termfrequency>
</term>
<term>
<termid>2</termid>
<termfrequency>1</termfrequency>
</term>
<term>
<termid>3</termid>
<termfrequency>0</termfrequency>
</term>
<term>
<termid>4</termid>
<termfrequency>1</termfrequency>
</term>
<term>
<termid>5</termid>
<termfrequency>1</termfrequency>
</term>
</stream>
<stream>
<streamid>2</streamid>
<length>88</length>
<uniquelength>70</uniquelength>
<term>
<termid>1</termid>
<termfrequency>1</termfrequency>
</term>
<term>
<termid>2</termid>
<termfrequency>3</termfrequency>
</term>
<term>
<termid>3</termid>
<termfrequency>3</termfrequency>
</term>
<term>
<termid>4</termid>
<termfrequency>5</termfrequency>
</term>
<term>
<termid>5</termid>
<termfrequency>1</termfrequency>
</term>
</stream>
<stream>
<streamid>3</streamid>
<length>93</length>
<uniquelength>70</uniquelength>
<term>
<termid>1</termid>
<termfrequency>1</termfrequency>
</term>
<term>
<termid>2</termid>
<termfrequency>4</termfrequency>
</term>
<term>
<termid>3</termid>
<termfrequency>3</termfrequency>
</term>
<term>
<termid>4</termid>
<termfrequency>6</termfrequency>
</term>
<term>
<termid>5</termid>
<termfrequency>2</termfrequency>
</term>
</stream>
</doc>
<doc>
<docid>50846</docid>
<label>2</label>
<stream>
<streamid>1</streamid>
<length>6</length>
<uniquelength>6</uniquelength>
<term>
<termid>1</termid>
<termfrequency>0</termfrequency>
</term>
<term>
<termid>2</termid>
<termfrequency>1</termfrequency>
</term>
<term>
<termid>3</termid>
<termfrequency>0</termfrequency>
</term>
<term>
<termid>4</termid>
<termfrequency>1</termfrequency>
</term>
<term>
<termid>5</termid>
<termfrequency>1</termfrequency>
</term>
</stream>
<stream>
<streamid>2</streamid>
<length>90</length>
<uniquelength>60</uniquelength>
<term>
<termid>1</termid>
<termfrequency>1</termfrequency>
</term>
<term>
<termid>2</termid>
<termfrequency>7</termfrequency>
</term>
<term>
<termid>3</termid>
<termfrequency>0</termfrequency>
</term>
<term>
<termid>4</termid>
<termfrequency>3</termfrequency>
</term>
<term>
<termid>5</termid>
<termfrequency>3</termfrequency>
</term>
</stream>
<stream>
<streamid>3</streamid>
<length>96</length>
<uniquelength>62</uniquelength>
<term>
<termid>1</termid>
<termfrequency>1</termfrequency>
</term>
<term>
<termid>2</termid>
<termfrequency>8</termfrequency>
</term>
<term>
<termid>3</termid>
<termfrequency>0</termfrequency>
</term>
<term>
<termid>4</termid>
<termfrequency>4</termfrequency>
</term>
<term>
<termid>5</termid>
<termfrequency>4</termfrequency>
</term>
</stream>
</doc>
<doc>
<docid>346697</docid>
<label>2</label>
<stream>
<streamid>1</streamid>
<length>4</length>
<uniquelength>4</uniquelength>
<term>
<termid>1</termid>
<termfrequency>0</termfrequency>
</term>
<term>
<termid>2</termid>
<termfrequency>1</termfrequency>
</term>
<term>
<termid>3</termid>
<termfrequency>0</termfrequency>
</term>
<term>
<termid>4</termid>
<termfrequency>1</termfrequency>
</term>
<term>
<termid>5</termid>
<termfrequency>1</termfrequency>
</term>
</stream>
<stream>
<streamid>2</streamid>
<length>41</length>
<uniquelength>35</uniquelength>
<term>
<termid>1</termid>
<termfrequency>1</termfrequency>
</term>
<term>
<termid>2</termid>
<termfrequency>3</termfrequency>
</term>
<term>
<termid>3</termid>
<termfrequency>0</termfrequency>
</term>
<term>
<termid>4</termid>
<termfrequency>1</termfrequency>
</term>
<term>
<termid>5</termid>
<termfrequency>1</termfrequency>
</term>
</stream>
<stream>
<streamid>3</streamid>
<length>45</length>
<uniquelength>35</uniquelength>
<term>
<termid>1</termid>
<termfrequency>1</termfrequency>
</term>
<term>
<termid>2</termid>
<termfrequency>4</termfrequency>
</term>
<term>
<termid>3</termid>
<termfrequency>0</termfrequency>
</term>
<term>
<termid>4</termid>
<termfrequency>2</termfrequency>
</term>
<term>
<termid>5</termid>
<termfrequency>2</termfrequency>
</term>
</stream>
</doc>
<doc>
<docid>50847</docid>
<label>2</label>
<stream>
<streamid>1</streamid>
<length>7</length>
<uniquelength>7</uniquelength>
<term>
<termid>1</termid>
<termfrequency>1</termfrequency>
</term>
<term>
<termid>2</termid>
<termfrequency>1</termfrequency>
</term>
<term>
<termid>3</termid>
<termfrequency>0</termfrequency>
</term>
<term>
<termid>4</termid>
<termfrequency>0</termfrequency>
</term>
<term>
<termid>5</termid>
<termfrequency>0</termfrequency>
</term>
</stream>
<stream>
<streamid>2</streamid>
<length>84</length>
<uniquelength>49</uniquelength>
<term>
<termid>1</termid>
<termfrequency>4</termfrequency>
</term>
<term>
<termid>2</termid>
<termfrequency>4</termfrequency>
</term>
<term>
<termid>3</termid>
<termfrequency>0</termfrequency>
</term>
<term>
<termid>4</termid>
<termfrequency>6</termfrequency>
</term>
<term>
<termid>5</termid>
<termfrequency>1</termfrequency>
</term>
</stream>
<stream>
<streamid>3</streamid>
<length>91</length>
<uniquelength>51</uniquelength>
<term>
<termid>1</termid>
<termfrequency>5</termfrequency>
</term>
<term>
<termid>2</termid>
<termfrequency>5</termfrequency>
</term>
<term>
<termid>3</termid>
<termfrequency>0</termfrequency>
</term>
<term>
<termid>4</termid>
<termfrequency>6</termfrequency>
</term>
<term>
<termid>5</termid>
<termfrequency>1</termfrequency>
</term>
</stream>
</doc>
<doc>
<docid>50848</docid>
<label>2</label>
<stream>
<streamid>1</streamid>
<length>14</length>
<uniquelength>13</uniquelength>
<term>
<termid>1</termid>
<termfrequency>1</termfrequency>
</term>
<term>
<termid>2</termid>
<termfrequency>1</termfrequency>
</term>
<term>
<termid>3</termid>
<termfrequency>0</termfrequency>
</term>
<term>
<termid>4</termid>
<termfrequency>1</termfrequency>
</term>
<term>
<termid>5</termid>
<termfrequency>1</termfrequency>
</term>
</stream>
<stream>
<streamid>2</streamid>
<length>118</length>
<uniquelength>67</uniquelength>
<term>
<termid>1</termid>
<termfrequency>0</termfrequency>
</term>
<term>
<termid>2</termid>
<termfrequency>7</termfrequency>
</term>
<term>
<termid>3</termid>
<termfrequency>0</termfrequency>
</term>
<term>
<termid>4</termid>
<termfrequency>2</termfrequency>
</term>
<term>
<termid>5</termid>
<termfrequency>2</termfrequency>
</term>
</stream>
<stream>
<streamid>3</streamid>
<length>132</length>
<uniquelength>71</uniquelength>
<term>
<termid>1</termid>
<termfrequency>1</termfrequency>
</term>
<term>
<termid>2</termid>
<termfrequency>8</termfrequency>
</term>
<term>
<termid>3</termid>
<termfrequency>0</termfrequency>
</term>
<term>
<termid>4</termid>
<termfrequency>3</termfrequency>
</term>
<term>
<termid>5</termid>
<termfrequency>3</termfrequency>
</term>
</stream>
</doc>
<doc>
<docid>50843</docid>
<label>2</label>
<stream>
<streamid>1</streamid>
<length>7</length>
<uniquelength>7</uniquelength>
<term>
<termid>1</termid>
<termfrequency>0</termfrequency>
</term>
<term>
<termid>2</termid>
<termfrequency>1</termfrequency>
</term>
<term>
<termid>3</termid>
<termfrequency>0</termfrequency>
</term>
<term>
<termid>4</termid>
<termfrequency>1</termfrequency>
</term>
<term>
<termid>5</termid>
<termfrequency>1</termfrequency>
</term>
</stream>
<stream>
<streamid>2</streamid>
<length>0</length>
<uniquelength>0</uniquelength>
<term>
<termid>1</termid>
<termfrequency>0</termfrequency>
</term>
<term>
<termid>2</termid>
<termfrequency>0</termfrequency>
</term>
<term>
<termid>3</termid>
<termfrequency>0</termfrequency>
</term>
<term>
<termid>4</termid>
<termfrequency>0</termfrequency>
</term>
<term>
<termid>5</termid>
<termfrequency>0</termfrequency>
</term>
</stream>
<stream>
<streamid>3</streamid>
<length>7</length>
<uniquelength>7</uniquelength>
<term>
<termid>1</termid>
<termfrequency>0</termfrequency>
</term>
<term>
<termid>2</termid>
<termfrequency>1</termfrequency>
</term>
<term>
<termid>3</termid>
<termfrequency>0</termfrequency>
</term>
<term>
<termid>4</termid>
<termfrequency>1</termfrequency>
</term>
<term>
<termid>5</termid>
<termfrequency>1</termfrequency>
</term>
</stream>
</doc>
<doc>
<docid>11794</docid>
<label>2</label>
<stream>
<streamid>1</streamid>
<length>3</length>
<uniquelength>3</uniquelength>
<term>
<termid>1</termid>
<termfrequency>0</termfrequency>
</term>
<term>
<termid>2</termid>
<termfrequency>0</termfrequency>
</term>
<term>
<termid>3</termid>
<termfrequency>0</termfrequency>
</term>
<term>
<termid>4</termid>
<termfrequency>1</termfrequency>
</term>
<term>
<termid>5</termid>
<termfrequency>1</termfrequency>
</term>
</stream>
<stream>
<streamid>2</streamid>
<length>136</length>
<uniquelength>89</uniquelength>
<term>
<termid>1</termid>
<termfrequency>3</termfrequency>
</term>
<term>
<termid>2</termid>
<termfrequency>3</termfrequency>
</term>
<term>
<termid>3</termid>
<termfrequency>0</termfrequency>
</term>
<term>
<termid>4</termid>
<termfrequency>5</termfrequency>
</term>
<term>
<termid>5</termid>
<termfrequency>3</termfrequency>
</term>
</stream>
<stream>
<streamid>3</streamid>
<length>139</length>
<uniquelength>89</uniquelength>
<term>
<termid>1</termid>
<termfrequency>3</termfrequency>
</term>
<term>
<termid>2</termid>
<termfrequency>3</termfrequency>
</term>
<term>
<termid>3</termid>
<termfrequency>0</termfrequency>
</term>
<term>
<termid>4</termid>
<termfrequency>6</termfrequency>
</term>
<term>
<termid>5</termid>
<termfrequency>4</termfrequency>
</term>
</stream>
</doc>
<doc>
<docid>347443</docid>
<label>2</label>
<stream>
<streamid>1</streamid>
<length>13</length>
<uniquelength>13</uniquelength>
<term>
<termid>1</termid>
<termfrequency>0</termfrequency>
</term>
<term>
<termid>2</termid>
<termfrequency>1</termfrequency>
</term>
<term>
<termid>3</termid>
<termfrequency>0</termfrequency>
</term>
<term>
<termid>4</termid>
<termfrequency>1</termfrequency>
</term>
<term>
<termid>5</termid>
<termfrequency>0</termfrequency>
</term>
</stream>
<stream>
<streamid>2</streamid>
<length>174</length>
<uniquelength>102</uniquelength>
<term>
<termid>1</termid>
<termfrequency>2</termfrequency>
</term>
<term>
<termid>2</termid>
<termfrequency>7</termfrequency>
</term>
<term>
<termid>3</termid>
<termfrequency>4</termfrequency>
</term>
<term>
<termid>4</termid>
<termfrequency>4</termfrequency>
</term>
<term>
<termid>5</termid>
<termfrequency>0</termfrequency>
</term>
</stream>
<stream>
<streamid>3</streamid>
<length>187</length>
<uniquelength>102</uniquelength>
<term>
<termid>1</termid>
<termfrequency>2</termfrequency>
</term>
<term>
<termid>2</termid>
<termfrequency>8</termfrequency>
</term>
<term>
<termid>3</termid>
<termfrequency>4</termfrequency>
</term>
<term>
<termid>4</termid>
<termfrequency>5</termfrequency>
</term>
<term>
<termid>5</termid>
<termfrequency>0</termfrequency>
</term>
</stream>
</doc>
<doc>
<docid>198897</docid>
<label>0</label>
<stream>
<streamid>1</streamid>
<length>8</length>
<uniquelength>8</uniquelength>
<term>
<termid>1</termid>
<termfrequency>0</termfrequency>
</term>
<term>
<termid>2</termid>
<termfrequency>1</termfrequency>
</term>
<term>
<termid>3</termid>
<termfrequency>0</termfrequency>
</term>
<term>
<termid>4</termid>
<termfrequency>0</termfrequency>
</term>
<term>
<termid>5</termid>
<termfrequency>0</termfrequency>
</term>
</stream>
<stream>
<streamid>2</streamid>
<length>69</length>
<uniquelength>53</uniquelength>
<term>
<termid>1</termid>
<termfrequency>1</termfrequency>
</term>
<term>
<termid>2</termid>
<termfrequency>3</termfrequency>
</term>
<term>
<termid>3</termid>
<termfrequency>1</termfrequency>
</term>
<term>
<termid>4</termid>
<termfrequency>1</termfrequency>
</term>
<term>
<termid>5</termid>
<termfrequency>1</termfrequency>
</term>
</stream>
<stream>
<streamid>3</streamid>
<length>77</length>
<uniquelength>53</uniquelength>
<term>
<termid>1</termid>
<termfrequency>1</termfrequency>
</term>
<term>
<termid>2</termid>
<termfrequency>4</termfrequency>
</term>
<term>
<termid>3</termid>
<termfrequency>1</termfrequency>
</term>
<term>
<termid>4</termid>
<termfrequency>1</termfrequency>
</term>
<term>
<termid>5</termid>
<termfrequency>1</termfrequency>
</term>
</stream>
</doc>
<doc>
<docid>348114</docid>
<label>1</label>
<stream>
<streamid>1</streamid>
<length>7</length>
<uniquelength>7</uniquelength>
<term>
<termid>1</termid>
<termfrequency>1</termfrequency>
</term>
<term>
<termid>2</termid>
<termfrequency>1</termfrequency>
</term>
<term>
<termid>3</termid>
<termfrequency>0</termfrequency>
</term>
<term>
<termid>4</termid>
<termfrequency>0</termfrequency>
</term>
<term>
<termid>5</termid>
<termfrequency>0</termfrequency>
</term>
</stream>
<stream>
<streamid>2</streamid>
<length>65</length>
<uniquelength>50</uniquelength>
<term>
<termid>1</termid>
<termfrequency>1</termfrequency>
</term>
<term>
<termid>2</termid>
<termfrequency>3</termfrequency>
</term>
<term>
<termid>3</termid>
<termfrequency>0</termfrequency>
</term>
<term>
<termid>4</termid>
<termfrequency>2</termfrequency>
</term>
<term>
<termid>5</termid>
<termfrequency>0</termfrequency>
</term>
</stream>
<stream>
<streamid>3</streamid>
<length>72</length>
<uniquelength>51</uniquelength>
<term>
<termid>1</termid>
<termfrequency>2</termfrequency>
</term>
<term>
<termid>2</termid>
<termfrequency>4</termfrequency>
</term>
<term>
<termid>3</termid>
<termfrequency>0</termfrequency>
</term>
<term>
<termid>4</termid>
<termfrequency>2</termfrequency>
</term>
<term>
<termid>5</termid>
<termfrequency>0</termfrequency>
</term>
</stream>
</doc>
<doc>
<docid>50844</docid>
<label>2</label>
<stream>
<streamid>1</streamid>
<length>6</length>
<uniquelength>6</uniquelength>
<term>
<termid>1</termid>
<termfrequency>1</termfrequency>
</term>
<term>
<termid>2</termid>
<termfrequency>1</termfrequency>
</term>
<term>
<termid>3</termid>
<termfrequency>0</termfrequency>
</term>
<term>
<termid>4</termid>
<termfrequency>0</termfrequency>
</term>
<term>
<termid>5</termid>
<termfrequency>1</termfrequency>
</term>
</stream>
<stream>
<streamid>2</streamid>
<length>110</length>
<uniquelength>76</uniquelength>
<term>
<termid>1</termid>
<termfrequency>0</termfrequency>
</term>
<term>
<termid>2</termid>
<termfrequency>6</termfrequency>
</term>
<term>
<termid>3</termid>
<termfrequency>0</termfrequency>
</term>
<term>
<termid>4</termid>
<termfrequency>1</termfrequency>
</term>
<term>
<termid>5</termid>
<termfrequency>0</termfrequency>
</term>
</stream>
<stream>
<streamid>3</streamid>
<length>116</length>
<uniquelength>79</uniquelength>
<term>
<termid>1</termid>
<termfrequency>1</termfrequency>
</term>
<term>
<termid>2</termid>
<termfrequency>7</termfrequency>
</term>
<term>
<termid>3</termid>
<termfrequency>0</termfrequency>
</term>
<term>
<termid>4</termid>
<termfrequency>1</termfrequency>
</term>
<term>
<termid>5</termid>
<termfrequency>1</termfrequency>
</term>
</stream>
</doc>
<doc>
<docid>50845</docid>
<label>2</label>
<stream>
<streamid>1</streamid>
<length>7</length>
<uniquelength>7</uniquelength>
<term>
<termid>1</termid>
<termfrequency>0</termfrequency>
</term>
<term>
<termid>2</termid>
<termfrequency>1</termfrequency>
</term>
<term>
<termid>3</termid>
<termfrequency>0</termfrequency>
</term>
<term>
<termid>4</termid>
<termfrequency>1</termfrequency>
</term>
<term>
<termid>5</termid>
<termfrequency>0</termfrequency>
</term>
</stream>
<stream>
<streamid>2</streamid>
<length>164</length>
<uniquelength>88</uniquelength>
<term>
<termid>1</termid>
<termfrequency>1</termfrequency>
</term>
<term>
<termid>2</termid>
<termfrequency>3</termfrequency>
</term>
<term>
<termid>3</termid>
<termfrequency>1</termfrequency>
</term>
<term>
<termid>4</termid>
<termfrequency>3</termfrequency>
</term>
<term>
<termid>5</termid>
<termfrequency>0</termfrequency>
</term>
</stream>
<stream>
<streamid>3</streamid>
<length>171</length>
<uniquelength>90</uniquelength>
<term>
<termid>1</termid>
<termfrequency>1</termfrequency>
</term>
<term>
<termid>2</termid>
<termfrequency>4</termfrequency>
</term>
<term>
<termid>3</termid>
<termfrequency>1</termfrequency>
</term>
<term>
<termid>4</termid>
<termfrequency>4</termfrequency>
</term>
<term>
<termid>5</termid>
<termfrequency>0</termfrequency>
</term>
</stream>
</doc>
<doc>
<docid>347442</docid>
<label>0</label>
<stream>
<streamid>1</streamid>
<length>6</length>
<uniquelength>6</uniquelength>
<term>
<termid>1</termid>
<termfrequency>1</termfrequency>
</term>
<term>
<termid>2</termid>
<termfrequency>1</termfrequency>
</term>
<term>
<termid>3</termid>
<termfrequency>0</termfrequency>
</term>
<term>
<termid>4</termid>
<termfrequency>0</termfrequency>
</term>
<term>
<termid>5</termid>
<termfrequency>0</termfrequency>
</term>
</stream>
<stream>
<streamid>2</streamid>
<length>123</length>
<uniquelength>86</uniquelength>
<term>
<termid>1</termid>
<termfrequency>0</termfrequency>
</term>
<term>
<termid>2</termid>
<termfrequency>1</termfrequency>
</term>
<term>
<termid>3</termid>
<termfrequency>0</termfrequency>
</term>
<term>
<termid>4</termid>
<termfrequency>3</termfrequency>
</term>
<term>
<termid>5</termid>
<termfrequency>0</termfrequency>
</term>
</stream>
<stream>
<streamid>3</streamid>
<length>129</length>
<uniquelength>87</uniquelength>
<term>
<termid>1</termid>
<termfrequency>1</termfrequency>
</term>
<term>
<termid>2</termid>
<termfrequency>2</termfrequency>
</term>
<term>
<termid>3</termid>
<termfrequency>0</termfrequency>
</term>
<term>
<termid>4</termid>
<termfrequency>3</termfrequency>
</term>
<term>
<termid>5</termid>
<termfrequency>0</termfrequency>
</term>
</stream>
</doc>
<doc>
<docid>149521</docid>
<label>0</label>
<stream>
<streamid>1</streamid>
<length>16</length>
<uniquelength>16</uniquelength>
<term>
<termid>1</termid>
<termfrequency>0</termfrequency>
</term>
<term>
<termid>2</termid>
<termfrequency>1</termfrequency>
</term>
<term>
<termid>3</termid>
<termfrequency>0</termfrequency>
</term>
<term>
<termid>4</termid>
<termfrequency>0</termfrequency>
</term>
<term>
<termid>5</termid>
<termfrequency>0</termfrequency>
</term>
</stream>
<stream>
<streamid>2</streamid>
<length>62</length>
<uniquelength>40</uniquelength>
<term>
<termid>1</termid>
<termfrequency>1</termfrequency>
</term>
<term>
<termid>2</termid>
<termfrequency>4</termfrequency>
</term>
<term>
<termid>3</termid>
<termfrequency>1</termfrequency>
</term>
<term>
<termid>4</termid>
<termfrequency>0</termfrequency>
</term>
<term>
<termid>5</termid>
<termfrequency>0</termfrequency>
</term>
</stream>
<stream>
<streamid>3</streamid>
<length>78</length>
<uniquelength>42</uniquelength>
<term>
<termid>1</termid>
<termfrequency>1</termfrequency>
</term>
<term>
<termid>2</termid>
<termfrequency>5</termfrequency>
</term>
<term>
<termid>3</termid>
<termfrequency>1</termfrequency>
</term>
<term>
<termid>4</termid>
<termfrequency>0</termfrequency>
</term>
<term>
<termid>5</termid>
<termfrequency>0</termfrequency>
</term>
</stream>
</doc>
<doc>
<docid>24882</docid>
<label>2</label>
<stream>
<streamid>1</streamid>
<length>5</length>
<uniquelength>5</uniquelength>
<term>
<termid>1</termid>
<termfrequency>0</termfrequency>
</term>
<term>
<termid>2</termid>
<termfrequency>0</termfrequency>
</term>
<term>
<termid>3</termid>
<termfrequency>0</termfrequency>
</term>
<term>
<termid>4</termid>
<termfrequency>1</termfrequency>
</term>
<term>
<termid>5</termid>
<termfrequency>1</termfrequency>
</term>
</stream>
<stream>
<streamid>2</streamid>
<length>110</length>
<uniquelength>71</uniquelength>
<term>
<termid>1</termid>
<termfrequency>1</termfrequency>
</term>
<term>
<termid>2</termid>
<termfrequency>0</termfrequency>
</term>
<term>
<termid>3</termid>
<termfrequency>1</termfrequency>
</term>
<term>
<termid>4</termid>
<termfrequency>4</termfrequency>
</term>
<term>
<termid>5</termid>
<termfrequency>2</termfrequency>
</term>
</stream>
<stream>
<streamid>3</streamid>
<length>115</length>
<uniquelength>72</uniquelength>
<term>
<termid>1</termid>
<termfrequency>1</termfrequency>
</term>
<term>
<termid>2</termid>
<termfrequency>0</termfrequency>
</term>
<term>
<termid>3</termid>
<termfrequency>1</termfrequency>
</term>
<term>
<termid>4</termid>
<termfrequency>5</termfrequency>
</term>
<term>
<termid>5</termid>
<termfrequency>3</termfrequency>
</term>
</stream>
</doc>
<doc>
<docid>8926</docid>
<label>0</label>
<stream>
<streamid>1</streamid>
<length>4</length>
<uniquelength>4</uniquelength>
<term>
<termid>1</termid>
<termfrequency>0</termfrequency>
</term>
<term>
<termid>2</termid>
<termfrequency>0</termfrequency>
</term>
<term>
<termid>3</termid>
<termfrequency>0</termfrequency>
</term>
<term>
<termid>4</termid>
<termfrequency>1</termfrequency>
</term>
<term>
<termid>5</termid>
<termfrequency>0</termfrequency>
</term>
</stream>
<stream>
<streamid>2</streamid>
<length>81</length>
<uniquelength>61</uniquelength>
<term>
<termid>1</termid>
<termfrequency>0</termfrequency>
</term>
<term>
<termid>2</termid>
<termfrequency>0</termfrequency>
</term>
<term>
<termid>3</termid>
<termfrequency>2</termfrequency>
</term>
<term>
<termid>4</termid>
<termfrequency>4</termfrequency>
</term>
<term>
<termid>5</termid>
<termfrequency>1</termfrequency>
</term>
</stream>
<stream>
<streamid>3</streamid>
<length>85</length>
<uniquelength>61</uniquelength>
<term>
<termid>1</termid>
<termfrequency>0</termfrequency>
</term>
<term>
<termid>2</termid>
<termfrequency>0</termfrequency>
</term>
<term>
<termid>3</termid>
<termfrequency>2</termfrequency>
</term>
<term>
<termid>4</termid>
<termfrequency>5</termfrequency>
</term>
<term>
<termid>5</termid>
<termfrequency>1</termfrequency>
</term>
</stream>
</doc>
<doc>
<docid>271410</docid>
<label>0</label>
<stream>
<streamid>1</streamid>
<length>7</length>
<uniquelength>7</uniquelength>
<term>
<termid>1</termid>
<termfrequency>0</termfrequency>
</term>
<term>
<termid>2</termid>
<termfrequency>1</termfrequency>
</term>
<term>
<termid>3</termid>
<termfrequency>0</termfrequency>
</term>
<term>
<termid>4</termid>
<termfrequency>0</termfrequency>
</term>
<term>
<termid>5</termid>
<termfrequency>0</termfrequency>
</term>
</stream>
<stream>
<streamid>2</streamid>
<length>201</length>
<uniquelength>105</uniquelength>
<term>
<termid>1</termid>
<termfrequency>3</termfrequency>
</term>
<term>
<termid>2</termid>
<termfrequency>8</termfrequency>
</term>
<term>
<termid>3</termid>
<termfrequency>1</termfrequency>
</term>
<term>
<termid>4</termid>
<termfrequency>0</termfrequency>
</term>
<term>
<termid>5</termid>
<termfrequency>0</termfrequency>
</term>
</stream>
<stream>
<streamid>3</streamid>
<length>208</length>
<uniquelength>106</uniquelength>
<term>
<termid>1</termid>
<termfrequency>3</termfrequency>
</term>
<term>
<termid>2</termid>
<termfrequency>9</termfrequency>
</term>
<term>
<termid>3</termid>
<termfrequency>1</termfrequency>
</term>
<term>
<termid>4</termid>
<termfrequency>0</termfrequency>
</term>
<term>
<termid>5</termid>
<termfrequency>0</termfrequency>
</term>
</stream>
</doc>
<doc>
<docid>327035</docid>
<label>0</label>
<stream>
<streamid>1</streamid>
<length>6</length>
<uniquelength>6</uniquelength>
<term>
<termid>1</termid>
<termfrequency>0</termfrequency>
</term>
<term>
<termid>2</termid>
<termfrequency>0</termfrequency>
</term>
<term>
<termid>3</termid>
<termfrequency>0</termfrequency>
</term>
<term>
<termid>4</termid>
<termfrequency>1</termfrequency>
</term>
<term>
<termid>5</termid>
<termfrequency>1</termfrequency>
</term>
</stream>
<stream>
<streamid>2</streamid>
<length>74</length>
<uniquelength>42</uniquelength>
<term>
<termid>1</termid>
<termfrequency>0</termfrequency>
</term>
<term>
<termid>2</termid>
<termfrequency>0</termfrequency>
</term>
<term>
<termid>3</termid>
<termfrequency>0</termfrequency>
</term>
<term>
<termid>4</termid>
<termfrequency>6</termfrequency>
</term>
<term>
<termid>5</termid>
<termfrequency>1</termfrequency>
</term>
</stream>
<stream>
<streamid>3</streamid>
<length>80</length>
<uniquelength>42</uniquelength>
<term>
<termid>1</termid>
<termfrequency>0</termfrequency>
</term>
<term>
<termid>2</termid>
<termfrequency>0</termfrequency>
</term>
<term>
<termid>3</termid>
<termfrequency>0</termfrequency>
</term>
<term>
<termid>4</termid>
<termfrequency>7</termfrequency>
</term>
<term>
<termid>5</termid>
<termfrequency>2</termfrequency>
</term>
</stream>
</doc>
<doc>
<docid>120414</docid>
<label>1</label>
<stream>
<streamid>1</streamid>
<length>8</length>
<uniquelength>8</uniquelength>
<term>
<termid>1</termid>
<termfrequency>1</termfrequency>
</term>
<term>
<termid>2</termid>
<termfrequency>1</termfrequency>
</term>
<term>
<termid>3</termid>
<termfrequency>0</termfrequency>
</term>
<term>
<termid>4</termid>
<termfrequency>0</termfrequency>
</term>
<term>
<termid>5</termid>
<termfrequency>0</termfrequency>
</term>
</stream>
<stream>
<streamid>2</streamid>
<length>136</length>
<uniquelength>75</uniquelength>
<term>
<termid>1</termid>
<termfrequency>3</termfrequency>
</term>
<term>
<termid>2</termid>
<termfrequency>6</termfrequency>
</term>
<term>
<termid>3</termid>
<termfrequency>0</termfrequency>
</term>
<term>
<termid>4</termid>
<termfrequency>0</termfrequency>
</term>
<term>
<termid>5</termid>
<termfrequency>0</termfrequency>
</term>
</stream>
<stream>
<streamid>3</streamid>
<length>144</length>
<uniquelength>76</uniquelength>
<term>
<termid>1</termid>
<termfrequency>4</termfrequency>
</term>
<term>
<termid>2</termid>
<termfrequency>7</termfrequency>
</term>
<term>
<termid>3</termid>
<termfrequency>0</termfrequency>
</term>
<term>
<termid>4</termid>
<termfrequency>0</termfrequency>
</term>
<term>
<termid>5</termid>
<termfrequency>0</termfrequency>
</term>
</stream>
</doc>
<doc>
<docid>207201</docid>
<label>0</label>
<stream>
<streamid>1</streamid>
<length>8</length>
<uniquelength>8</uniquelength>
<term>
<termid>1</termid>
<termfrequency>0</termfrequency>
</term>
<term>
<termid>2</termid>
<termfrequency>0</termfrequency>
</term>
<term>
<termid>3</termid>
<termfrequency>0</termfrequency>
</term>
<term>
<termid>4</termid>
<termfrequency>1</termfrequency>
</term>
<term>
<termid>5</termid>
<termfrequency>1</termfrequency>
</term>
</stream>
<stream>
<streamid>2</streamid>
<length>187</length>
<uniquelength>97</uniquelength>
<term>
<termid>1</termid>
<termfrequency>0</termfrequency>
</term>
<term>
<termid>2</termid>
<termfrequency>0</termfrequency>
</term>
<term>
<termid>3</termid>
<termfrequency>0</termfrequency>
</term>
<term>
<termid>4</termid>
<termfrequency>7</termfrequency>
</term>
<term>
<termid>5</termid>
<termfrequency>7</termfrequency>
</term>
</stream>
<stream>
<streamid>3</streamid>
<length>195</length>
<uniquelength>97</uniquelength>
<term>
<termid>1</termid>
<termfrequency>0</termfrequency>
</term>
<term>
<termid>2</termid>
<termfrequency>0</termfrequency>
</term>
<term>
<termid>3</termid>
<termfrequency>0</termfrequency>
</term>
<term>
<termid>4</termid>
<termfrequency>8</termfrequency>
</term>
<term>
<termid>5</termid>
<termfrequency>8</termfrequency>
</term>
</stream>
</doc>
<doc>
<docid>53569</docid>
<label>0</label>
<stream>
<streamid>1</streamid>
<length>7</length>
<uniquelength>7</uniquelength>
<term>
<termid>1</termid>
<termfrequency>0</termfrequency>
</term>
<term>
<termid>2</termid>
<termfrequency>0</termfrequency>
</term>
<term>
<termid>3</termid>
<termfrequency>0</termfrequency>
</term>
<term>
<termid>4</termid>
<termfrequency>0</termfrequency>
</term>
<term>
<termid>5</termid>
<termfrequency>0</termfrequency>
</term>
</stream>
<stream>
<streamid>2</streamid>
<length>40</length>
<uniquelength>28</uniquelength>
<term>
<termid>1</termid>
<termfrequency>0</termfrequency>
</term>
<term>
<termid>2</termid>
<termfrequency>2</termfrequency>
</term>
<term>
<termid>3</termid>
<termfrequency>1</termfrequency>
</term>
<term>
<termid>4</termid>
<termfrequency>0</termfrequency>
</term>
<term>
<termid>5</termid>
<termfrequency>0</termfrequency>
</term>
</stream>
<stream>
<streamid>3</streamid>
<length>47</length>
<uniquelength>29</uniquelength>
<term>
<termid>1</termid>
<termfrequency>0</termfrequency>
</term>
<term>
<termid>2</termid>
<termfrequency>2</termfrequency>
</term>
<term>
<termid>3</termid>
<termfrequency>1</termfrequency>
</term>
<term>
<termid>4</termid>
<termfrequency>0</termfrequency>
</term>
<term>
<termid>5</termid>
<termfrequency>0</termfrequency>
</term>
</stream>
</doc>
<doc>
<docid>50842</docid>
<label>2</label>
<stream>
<streamid>1</streamid>
<length>6</length>
<uniquelength>6</uniquelength>
<term>
<termid>1</termid>
<termfrequency>0</termfrequency>
</term>
<term>
<termid>2</termid>
<termfrequency>0</termfrequency>
</term>
<term>
<termid>3</termid>
<termfrequency>0</termfrequency>
</term>
<term>
<termid>4</termid>
<termfrequency>1</termfrequency>
</term>
<term>
<termid>5</termid>
<termfrequency>1</termfrequency>
</term>
</stream>
<stream>
<streamid>2</streamid>
<length>0</length>
<uniquelength>0</uniquelength>
<term>
<termid>1</termid>
<termfrequency>0</termfrequency>
</term>
<term>
<termid>2</termid>
<termfrequency>0</termfrequency>
</term>
<term>
<termid>3</termid>
<termfrequency>0</termfrequency>
</term>
<term>
<termid>4</termid>
<termfrequency>0</termfrequency>
</term>
<term>
<termid>5</termid>
<termfrequency>0</termfrequency>
</term>
</stream>
<stream>
<streamid>3</streamid>
<length>6</length>
<uniquelength>6</uniquelength>
<term>
<termid>1</termid>
<termfrequency>0</termfrequency>
</term>
<term>
<termid>2</termid>
<termfrequency>0</termfrequency>
</term>
<term>
<termid>3</termid>
<termfrequency>0</termfrequency>
</term>
<term>
<termid>4</termid>
<termfrequency>1</termfrequency>
</term>
<term>
<termid>5</termid>
<termfrequency>1</termfrequency>
</term>
</stream>
</doc>
<doc>
<docid>345034</docid>
<label>1</label>
<stream>
<streamid>1</streamid>
<length>6</length>
<uniquelength>6</uniquelength>
<term>
<termid>1</termid>
<termfrequency>0</termfrequency>
</term>
<term>
<termid>2</termid>
<termfrequency>0</termfrequency>
</term>
<term>
<termid>3</termid>
<termfrequency>0</termfrequency>
</term>
<term>
<termid>4</termid>
<termfrequency>1</termfrequency>
</term>
<term>
<termid>5</termid>
<termfrequency>1</termfrequency>
</term>
</stream>
<stream>
<streamid>2</streamid>
<length>0</length>
<uniquelength>0</uniquelength>
<term>
<termid>1</termid>
<termfrequency>0</termfrequency>
</term>
<term>
<termid>2</termid>
<termfrequency>0</termfrequency>
</term>
<term>
<termid>3</termid>
<termfrequency>0</termfrequency>
</term>
<term>
<termid>4</termid>
<termfrequency>0</termfrequency>
</term>
<term>
<termid>5</termid>
<termfrequency>0</termfrequency>
</term>
</stream>
<stream>
<streamid>3</streamid>
<length>6</length>
<uniquelength>6</uniquelength>
<term>
<termid>1</termid>
<termfrequency>0</termfrequency>
</term>
<term>
<termid>2</termid>
<termfrequency>0</termfrequency>
</term>
<term>
<termid>3</termid>
<termfrequency>0</termfrequency>
</term>
<term>
<termid>4</termid>
<termfrequency>1</termfrequency>
</term>
<term>
<termid>5</termid>
<termfrequency>1</termfrequency>
</term>
</stream>
</doc>
<doc>
<docid>44799</docid>
<label>2</label>
<stream>
<streamid>1</streamid>
<length>7</length>
<uniquelength>7</uniquelength>
<term>
<termid>1</termid>
<termfrequency>0</termfrequency>
</term>
<term>
<termid>2</termid>
<termfrequency>0</termfrequency>
</term>
<term>
<termid>3</termid>
<termfrequency>0</termfrequency>
</term>
<term>
<termid>4</termid>
<termfrequency>1</termfrequency>
</term>
<term>
<termid>5</termid>
<termfrequency>0</termfrequency>
</term>
</stream>
<stream>
<streamid>2</streamid>
<length>96</length>
<uniquelength>60</uniquelength>
<term>
<termid>1</termid>
<termfrequency>4</termfrequency>
</term>
<term>
<termid>2</termid>
<termfrequency>0</termfrequency>
</term>
<term>
<termid>3</termid>
<termfrequency>0</termfrequency>
</term>
<term>
<termid>4</termid>
<termfrequency>2</termfrequency>
</term>
<term>
<termid>5</termid>
<termfrequency>2</termfrequency>
</term>
</stream>
<stream>
<streamid>3</streamid>
<length>103</length>
<uniquelength>62</uniquelength>
<term>
<termid>1</termid>
<termfrequency>4</termfrequency>
</term>
<term>
<termid>2</termid>
<termfrequency>0</termfrequency>
</term>
<term>
<termid>3</termid>
<termfrequency>0</termfrequency>
</term>
<term>
<termid>4</termid>
<termfrequency>3</termfrequency>
</term>
<term>
<termid>5</termid>
<termfrequency>2</termfrequency>
</term>
</stream>
</doc>
<doc>
<docid>153217</docid>
<label>0</label>
<stream>
<streamid>1</streamid>
<length>13</length>
<uniquelength>13</uniquelength>
<term>
<termid>1</termid>
<termfrequency>0</termfrequency>
</term>
<term>
<termid>2</termid>
<termfrequency>1</termfrequency>
</term>
<term>
<termid>3</termid>
<termfrequency>0</termfrequency>
</term>
<term>
<termid>4</termid>
<termfrequency>0</termfrequency>
</term>
<term>
<termid>5</termid>
<termfrequency>0</termfrequency>
</term>
</stream>
<stream>
<streamid>2</streamid>
<length>46</length>
<uniquelength>31</uniquelength>
<term>
<termid>1</termid>
<termfrequency>1</termfrequency>
</term>
<term>
<termid>2</termid>
<termfrequency>2</termfrequency>
</term>
<term>
<termid>3</termid>
<termfrequency>0</termfrequency>
</term>
<term>
<termid>4</termid>
<termfrequency>0</termfrequency>
</term>
<term>
<termid>5</termid>
<termfrequency>0</termfrequency>
</term>
</stream>
<stream>
<streamid>3</streamid>
<length>59</length>
<uniquelength>34</uniquelength>
<term>
<termid>1</termid>
<termfrequency>1</termfrequency>
</term>
<term>
<termid>2</termid>
<termfrequency>3</termfrequency>
</term>
<term>
<termid>3</termid>
<termfrequency>0</termfrequency>
</term>
<term>
<termid>4</termid>
<termfrequency>0</termfrequency>
</term>
<term>
<termid>5</termid>
<termfrequency>0</termfrequency>
</term>
</stream>
</doc>
<doc>
<docid>54051</docid>
<label>0</label>
<stream>
<streamid>1</streamid>
<length>11</length>
<uniquelength>11</uniquelength>
<term>
<termid>1</termid>
<termfrequency>1</termfrequency>
</term>
<term>
<termid>2</termid>
<termfrequency>1</termfrequency>
</term>
<term>
<termid>3</termid>
<termfrequency>0</termfrequency>
</term>
<term>
<termid>4</termid>
<termfrequency>0</termfrequency>
</term>
<term>
<termid>5</termid>
<termfrequency>0</termfrequency>
</term>
</stream>
<stream>
<streamid>2</streamid>
<length>107</length>
<uniquelength>73</uniquelength>
<term>
<termid>1</termid>
<termfrequency>1</termfrequency>
</term>
<term>
<termid>2</termid>
<termfrequency>2</termfrequency>
</term>
<term>
<termid>3</termid>
<termfrequency>1</termfrequency>
</term>
<term>
<termid>4</termid>
<termfrequency>0</termfrequency>
</term>
<term>
<termid>5</termid>
<termfrequency>0</termfrequency>
</term>
</stream>
<stream>
<streamid>3</streamid>
<length>118</length>
<uniquelength>74</uniquelength>
<term>
<termid>1</termid>
<termfrequency>2</termfrequency>
</term>
<term>
<termid>2</termid>
<termfrequency>3</termfrequency>
</term>
<term>
<termid>3</termid>
<termfrequency>1</termfrequency>
</term>
<term>
<termid>4</termid>
<termfrequency>0</termfrequency>
</term>
<term>
<termid>5</termid>
<termfrequency>0</termfrequency>
</term>
</stream>
</doc>
<doc>
<docid>46584</docid>
<label>2</label>
<stream>
<streamid>1</streamid>
<length>10</length>
<uniquelength>10</uniquelength>
<term>
<termid>1</termid>
<termfrequency>0</termfrequency>
</term>
<term>
<termid>2</termid>
<termfrequency>0</termfrequency>
</term>
<term>
<termid>3</termid>
<termfrequency>0</termfrequency>
</term>
<term>
<termid>4</termid>
<termfrequency>1</termfrequency>
</term>
<term>
<termid>5</termid>
<termfrequency>0</termfrequency>
</term>
</stream>
<stream>
<streamid>2</streamid>
<length>100</length>
<uniquelength>75</uniquelength>
<term>
<termid>1</termid>
<termfrequency>1</termfrequency>
</term>
<term>
<termid>2</termid>
<termfrequency>0</termfrequency>
</term>
<term>
<termid>3</termid>
<termfrequency>0</termfrequency>
</term>
<term>
<termid>4</termid>
<termfrequency>5</termfrequency>
</term>
<term>
<termid>5</termid>
<termfrequency>1</termfrequency>
</term>
</stream>
<stream>
<streamid>3</streamid>
<length>110</length>
<uniquelength>77</uniquelength>
<term>
<termid>1</termid>
<termfrequency>1</termfrequency>
</term>
<term>
<termid>2</termid>
<termfrequency>0</termfrequency>
</term>
<term>
<termid>3</termid>
<termfrequency>0</termfrequency>
</term>
<term>
<termid>4</termid>
<termfrequency>6</termfrequency>
</term>
<term>
<termid>5</termid>
<termfrequency>1</termfrequency>
</term>
</stream>
</doc>
<doc>
<docid>49732</docid>
<label>0</label>
<stream>
<streamid>1</streamid>
<length>8</length>
<uniquelength>8</uniquelength>
<term>
<termid>1</termid>
<termfrequency>1</termfrequency>
</term>
<term>
<termid>2</termid>
<termfrequency>1</termfrequency>
</term>
<term>
<termid>3</termid>
<termfrequency>0</termfrequency>
</term>
<term>
<termid>4</termid>
<termfrequency>0</termfrequency>
</term>
<term>
<termid>5</termid>
<termfrequency>0</termfrequency>
</term>
</stream>
<stream>
<streamid>2</streamid>
<length>99</length>
<uniquelength>70</uniquelength>
<term>
<termid>1</termid>
<termfrequency>1</termfrequency>
</term>
<term>
<termid>2</termid>
<termfrequency>1</termfrequency>
</term>
<term>
<termid>3</termid>
<termfrequency>2</termfrequency>
</term>
<term>
<termid>4</termid>
<termfrequency>0</termfrequency>
</term>
<term>
<termid>5</termid>
<termfrequency>0</termfrequency>
</term>
</stream>
<stream>
<streamid>3</streamid>
<length>107</length>
<uniquelength>70</uniquelength>
<term>
<termid>1</termid>
<termfrequency>2</termfrequency>
</term>
<term>
<termid>2</termid>
<termfrequency>2</termfrequency>
</term>
<term>
<termid>3</termid>
<termfrequency>2</termfrequency>
</term>
<term>
<termid>4</termid>
<termfrequency>0</termfrequency>
</term>
<term>
<termid>5</termid>
<termfrequency>0</termfrequency>
</term>
</stream>
</doc>
<doc>
<docid>14929</docid>
<label>0</label>
<stream>
<streamid>1</streamid>
<length>8</length>
<uniquelength>8</uniquelength>
<term>
<termid>1</termid>
<termfrequency>1</termfrequency>
</term>
<term>
<termid>2</termid>
<termfrequency>0</termfrequency>
</term>
<term>
<termid>3</termid>
<termfrequency>0</termfrequency>
</term>
<term>
<termid>4</termid>
<termfrequency>1</termfrequency>
</term>
<term>
<termid>5</termid>
<termfrequency>0</termfrequency>
</term>
</stream>
<stream>
<streamid>2</streamid>
<length>159</length>
<uniquelength>89</uniquelength>
<term>
<termid>1</termid>
<termfrequency>3</termfrequency>
</term>
<term>
<termid>2</termid>
<termfrequency>0</termfrequency>
</term>
<term>
<termid>3</termid>
<termfrequency>1</termfrequency>
</term>
<term>
<termid>4</termid>
<termfrequency>3</termfrequency>
</term>
<term>
<termid>5</termid>
<termfrequency>1</termfrequency>
</term>
</stream>
<stream>
<streamid>3</streamid>
<length>167</length>
<uniquelength>91</uniquelength>
<term>
<termid>1</termid>
<termfrequency>4</termfrequency>
</term>
<term>
<termid>2</termid>
<termfrequency>0</termfrequency>
</term>
<term>
<termid>3</termid>
<termfrequency>1</termfrequency>
</term>
<term>
<termid>4</termid>
<termfrequency>4</termfrequency>
</term>
<term>
<termid>5</termid>
<termfrequency>1</termfrequency>
</term>
</stream>
</doc>
<doc>
<docid>327040</docid>
<label>0</label>
<stream>
<streamid>1</streamid>
<length>14</length>
<uniquelength>14</uniquelength>
<term>
<termid>1</termid>
<termfrequency>0</termfrequency>
</term>
<term>
<termid>2</termid>
<termfrequency>0</termfrequency>
</term>
<term>
<termid>3</termid>
<termfrequency>0</termfrequency>
</term>
<term>
<termid>4</termid>
<termfrequency>1</termfrequency>
</term>
<term>
<termid>5</termid>
<termfrequency>0</termfrequency>
</term>
</stream>
<stream>
<streamid>2</streamid>
<length>118</length>
<uniquelength>80</uniquelength>
<term>
<termid>1</termid>
<termfrequency>1</termfrequency>
</term>
<term>
<termid>2</termid>
<termfrequency>0</termfrequency>
</term>
<term>
<termid>3</termid>
<termfrequency>0</termfrequency>
</term>
<term>
<termid>4</termid>
<termfrequency>3</termfrequency>
</term>
<term>
<termid>5</termid>
<termfrequency>2</termfrequency>
</term>
</stream>
<stream>
<streamid>3</streamid>
<length>132</length>
<uniquelength>82</uniquelength>
<term>
<termid>1</termid>
<termfrequency>1</termfrequency>
</term>
<term>
<termid>2</termid>
<termfrequency>0</termfrequency>
</term>
<term>
<termid>3</termid>
<termfrequency>0</termfrequency>
</term>
<term>
<termid>4</termid>
<termfrequency>4</termfrequency>
</term>
<term>
<termid>5</termid>
<termfrequency>2</termfrequency>
</term>
</stream>
</doc>
<doc>
<docid>269906</docid>
<label>0</label>
<stream>
<streamid>1</streamid>
<length>13</length>
<uniquelength>13</uniquelength>
<term>
<termid>1</termid>
<termfrequency>1</termfrequency>
</term>
<term>
<termid>2</termid>
<termfrequency>1</termfrequency>
</term>
<term>
<termid>3</termid>
<termfrequency>0</termfrequency>
</term>
<term>
<termid>4</termid>
<termfrequency>0</termfrequency>
</term>
<term>
<termid>5</termid>
<termfrequency>0</termfrequency>
</term>
</stream>
<stream>
<streamid>2</streamid>
<length>177</length>
<uniquelength>100</uniquelength>
<term>
<termid>1</termid>
<termfrequency>1</termfrequency>
</term>
<term>
<termid>2</termid>
<termfrequency>5</termfrequency>
</term>
<term>
<termid>3</termid>
<termfrequency>0</termfrequency>
</term>
<term>
<termid>4</termid>
<termfrequency>0</termfrequency>
</term>
<term>
<termid>5</termid>
<termfrequency>0</termfrequency>
</term>
</stream>
<stream>
<streamid>3</streamid>
<length>190</length>
<uniquelength>104</uniquelength>
<term>
<termid>1</termid>
<termfrequency>2</termfrequency>
</term>
<term>
<termid>2</termid>
<termfrequency>6</termfrequency>
</term>
<term>
<termid>3</termid>
<termfrequency>0</termfrequency>
</term>
<term>
<termid>4</termid>
<termfrequency>0</termfrequency>
</term>
<term>
<termid>5</termid>
<termfrequency>0</termfrequency>
</term>
</stream>
</doc>
<doc>
<docid>122945</docid>
<label>0</label>
<stream>
<streamid>1</streamid>
<length>8</length>
<uniquelength>8</uniquelength>
<term>
<termid>1</termid>
<termfrequency>1</termfrequency>
</term>
<term>
<termid>2</termid>
<termfrequency>0</termfrequency>
</term>
<term>
<termid>3</termid>
<termfrequency>0</termfrequency>
</term>
<term>
<termid>4</termid>
<termfrequency>0</termfrequency>
</term>
<term>
<termid>5</termid>
<termfrequency>0</termfrequency>
</term>
</stream>
<stream>
<streamid>2</streamid>
<length>55</length>
<uniquelength>41</uniquelength>
<term>
<termid>1</termid>
<termfrequency>1</termfrequency>
</term>
<term>
<termid>2</termid>
<termfrequency>2</termfrequency>
</term>
<term>
<termid>3</termid>
<termfrequency>0</termfrequency>
</term>
<term>
<termid>4</termid>
<termfrequency>0</termfrequency>
</term>
<term>
<termid>5</termid>
<termfrequency>0</termfrequency>
</term>
</stream>
<stream>
<streamid>3</streamid>
<length>63</length>
<uniquelength>44</uniquelength>
<term>
<termid>1</termid>
<termfrequency>2</termfrequency>
</term>
<term>
<termid>2</termid>
<termfrequency>2</termfrequency>
</term>
<term>
<termid>3</termid>
<termfrequency>0</termfrequency>
</term>
<term>
<termid>4</termid>
<termfrequency>0</termfrequency>
</term>
<term>
<termid>5</termid>
<termfrequency>0</termfrequency>
</term>
</stream>
</doc>
<doc>
<docid>278788</docid>
<label>1</label>
<stream>
<streamid>1</streamid>
<length>16</length>
<uniquelength>15</uniquelength>
<term>
<termid>1</termid>
<termfrequency>1</termfrequency>
</term>
<term>
<termid>2</termid>
<termfrequency>0</termfrequency>
</term>
<term>
<termid>3</termid>
<termfrequency>0</termfrequency>
</term>
<term>
<termid>4</termid>
<termfrequency>1</termfrequency>
</term>
<term>
<termid>5</termid>
<termfrequency>1</termfrequency>
</term>
</stream>
<stream>
<streamid>2</streamid>
<length>173</length>
<uniquelength>89</uniquelength>
<term>
<termid>1</termid>
<termfrequency>3</termfrequency>
</term>
<term>
<termid>2</termid>
<termfrequency>0</termfrequency>
</term>
<term>
<termid>3</termid>
<termfrequency>1</termfrequency>
</term>
<term>
<termid>4</termid>
<termfrequency>2</termfrequency>
</term>
<term>
<termid>5</termid>
<termfrequency>1</termfrequency>
</term>
</stream>
<stream>
<streamid>3</streamid>
<length>189</length>
<uniquelength>91</uniquelength>
<term>
<termid>1</termid>
<termfrequency>4</termfrequency>
</term>
<term>
<termid>2</termid>
<termfrequency>0</termfrequency>
</term>
<term>
<termid>3</termid>
<termfrequency>1</termfrequency>
</term>
<term>
<termid>4</termid>
<termfrequency>3</termfrequency>
</term>
<term>
<termid>5</termid>
<termfrequency>2</termfrequency>
</term>
</stream>
</doc>
<doc>
<docid>86979</docid>
<label>2</label>
<stream>
<streamid>1</streamid>
<length>9</length>
<uniquelength>9</uniquelength>
<term>
<termid>1</termid>
<termfrequency>0</termfrequency>
</term>
<term>
<termid>2</termid>
<termfrequency>0</termfrequency>
</term>
<term>
<termid>3</termid>
<termfrequency>0</termfrequency>
</term>
<term>
<termid>4</termid>
<termfrequency>1</termfrequency>
</term>
<term>
<termid>5</termid>
<termfrequency>1</termfrequency>
</term>
</stream>
<stream>
<streamid>2</streamid>
<length>177</length>
<uniquelength>95</uniquelength>
<term>
<termid>1</termid>
<termfrequency>0</termfrequency>
</term>
<term>
<termid>2</termid>
<termfrequency>0</termfrequency>
</term>
<term>
<termid>3</termid>
<termfrequency>1</termfrequency>
</term>
<term>
<termid>4</termid>
<termfrequency>4</termfrequency>
</term>
<term>
<termid>5</termid>
<termfrequency>1</termfrequency>
</term>
</stream>
<stream>
<streamid>3</streamid>
<length>186</length>
<uniquelength>95</uniquelength>
<term>
<termid>1</termid>
<termfrequency>0</termfrequency>
</term>
<term>
<termid>2</termid>
<termfrequency>0</termfrequency>
</term>
<term>
<termid>3</termid>
<termfrequency>1</termfrequency>
</term>
<term>
<termid>4</termid>
<termfrequency>5</termfrequency>
</term>
<term>
<termid>5</termid>
<termfrequency>2</termfrequency>
</term>
</stream>
</doc>
<doc>
<docid>342610</docid>
<label>0</label>
<stream>
<streamid>1</streamid>
<length>6</length>
<uniquelength>6</uniquelength>
<term>
<termid>1</termid>
<termfrequency>0</termfrequency>
</term>
<term>
<termid>2</termid>
<termfrequency>1</termfrequency>
</term>
<term>
<termid>3</termid>
<termfrequency>0</termfrequency>
</term>
<term>
<termid>4</termid>
<termfrequency>0</termfrequency>
</term>
<term>
<termid>5</termid>
<termfrequency>0</termfrequency>
</term>
</stream>
<stream>
<streamid>2</streamid>
<length>0</length>
<uniquelength>0</uniquelength>
<term>
<termid>1</termid>
<termfrequency>0</termfrequency>
</term>
<term>
<termid>2</termid>
<termfrequency>0</termfrequency>
</term>
<term>
<termid>3</termid>
<termfrequency>0</termfrequency>
</term>
<term>
<termid>4</termid>
<termfrequency>0</termfrequency>
</term>
<term>
<termid>5</termid>
<termfrequency>0</termfrequency>
</term>
</stream>
<stream>
<streamid>3</streamid>
<length>6</length>
<uniquelength>6</uniquelength>
<term>
<termid>1</termid>
<termfrequency>0</termfrequency>
</term>
<term>
<termid>2</termid>
<termfrequency>1</termfrequency>
</term>
<term>
<termid>3</termid>
<termfrequency>0</termfrequency>
</term>
<term>
<termid>4</termid>
<termfrequency>0</termfrequency>
</term>
<term>
<termid>5</termid>
<termfrequency>0</termfrequency>
</term>
</stream>
</doc>
<doc>
<docid>57590</docid>
<label>0</label>
<stream>
<streamid>1</streamid>
<length>7</length>
<uniquelength>7</uniquelength>
<term>
<termid>1</termid>
<termfrequency>0</termfrequency>
</term>
<term>
<termid>2</termid>
<termfrequency>0</termfrequency>
</term>
<term>
<termid>3</termid>
<termfrequency>0</termfrequency>
</term>
<term>
<termid>4</termid>
<termfrequency>1</termfrequency>
</term>
<term>
<termid>5</termid>
<termfrequency>0</termfrequency>
</term>
</stream>
<stream>
<streamid>2</streamid>
<length>93</length>
<uniquelength>64</uniquelength>
<term>
<termid>1</termid>
<termfrequency>1</termfrequency>
</term>
<term>
<termid>2</termid>
<termfrequency>0</termfrequency>
</term>
<term>
<termid>3</termid>
<termfrequency>1</termfrequency>
</term>
<term>
<termid>4</termid>
<termfrequency>3</termfrequency>
</term>
<term>
<termid>5</termid>
<termfrequency>0</termfrequency>
</term>
</stream>
<stream>
<streamid>3</streamid>
<length>100</length>
<uniquelength>65</uniquelength>
<term>
<termid>1</termid>
<termfrequency>1</termfrequency>
</term>
<term>
<termid>2</termid>
<termfrequency>0</termfrequency>
</term>
<term>
<termid>3</termid>
<termfrequency>1</termfrequency>
</term>
<term>
<termid>4</termid>
<termfrequency>4</termfrequency>
</term>
<term>
<termid>5</termid>
<termfrequency>0</termfrequency>
</term>
</stream>
</doc>
<doc>
<docid>338854</docid>
<label>0</label>
<stream>
<streamid>1</streamid>
<length>8</length>
<uniquelength>8</uniquelength>
<term>
<termid>1</termid>
<termfrequency>0</termfrequency>
</term>
<term>
<termid>2</termid>
<termfrequency>0</termfrequency>
</term>
<term>
<termid>3</termid>
<termfrequency>0</termfrequency>
</term>
<term>
<termid>4</termid>
<termfrequency>1</termfrequency>
</term>
<term>
<termid>5</termid>
<termfrequency>0</termfrequency>
</term>
</stream>
<stream>
<streamid>2</streamid>
<length>188</length>
<uniquelength>113</uniquelength>
<term>
<termid>1</termid>
<termfrequency>3</termfrequency>
</term>
<term>
<termid>2</termid>
<termfrequency>0</termfrequency>
</term>
<term>
<termid>3</termid>
<termfrequency>1</termfrequency>
</term>
<term>
<termid>4</termid>
<termfrequency>6</termfrequency>
</term>
<term>
<termid>5</termid>
<termfrequency>0</termfrequency>
</term>
</stream>
<stream>
<streamid>3</streamid>
<length>196</length>
<uniquelength>113</uniquelength>
<term>
<termid>1</termid>
<termfrequency>3</termfrequency>
</term>
<term>
<termid>2</termid>
<termfrequency>0</termfrequency>
</term>
<term>
<termid>3</termid>
<termfrequency>1</termfrequency>
</term>
<term>
<termid>4</termid>
<termfrequency>7</termfrequency>
</term>
<term>
<termid>5</termid>
<termfrequency>0</termfrequency>
</term>
</stream>
</doc>
<doc>
<docid>13723</docid>
<label>0</label>
<stream>
<streamid>1</streamid>
<length>4</length>
<uniquelength>4</uniquelength>
<term>
<termid>1</termid>
<termfrequency>0</termfrequency>
</term>
<term>
<termid>2</termid>
<termfrequency>0</termfrequency>
</term>
<term>
<termid>3</termid>
<termfrequency>0</termfrequency>
</term>
<term>
<termid>4</termid>
<termfrequency>1</termfrequency>
</term>
<term>
<termid>5</termid>
<termfrequency>0</termfrequency>
</term>
</stream>
<stream>
<streamid>2</streamid>
<length>149</length>
<uniquelength>98</uniquelength>
<term>
<termid>1</termid>
<termfrequency>1</termfrequency>
</term>
<term>
<termid>2</termid>
<termfrequency>0</termfrequency>
</term>
<term>
<termid>3</termid>
<termfrequency>0</termfrequency>
</term>
<term>
<termid>4</termid>
<termfrequency>9</termfrequency>
</term>
<term>
<termid>5</termid>
<termfrequency>0</termfrequency>
</term>
</stream>
<stream>
<streamid>3</streamid>
<length>153</length>
<uniquelength>98</uniquelength>
<term>
<termid>1</termid>
<termfrequency>1</termfrequency>
</term>
<term>
<termid>2</termid>
<termfrequency>0</termfrequency>
</term>
<term>
<termid>3</termid>
<termfrequency>0</termfrequency>
</term>
<term>
<termid>4</termid>
<termfrequency>10</termfrequency>
</term>
<term>
<termid>5</termid>
<termfrequency>0</termfrequency>
</term>
</stream>
</doc>
<doc>
<docid>121366</docid>
<label>0</label>
<stream>
<streamid>1</streamid>
<length>11</length>
<uniquelength>11</uniquelength>
<term>
<termid>1</termid>
<termfrequency>0</termfrequency>
</term>
<term>
<termid>2</termid>
<termfrequency>0</termfrequency>
</term>
<term>
<termid>3</termid>
<termfrequency>0</termfrequency>
</term>
<term>
<termid>4</termid>
<termfrequency>0</termfrequency>
</term>
<term>
<termid>5</termid>
<termfrequency>0</termfrequency>
</term>
</stream>
<stream>
<streamid>2</streamid>
<length>231</length>
<uniquelength>108</uniquelength>
<term>
<termid>1</termid>
<termfrequency>3</termfrequency>
</term>
<term>
<termid>2</termid>
<termfrequency>2</termfrequency>
</term>
<term>
<termid>3</termid>
<termfrequency>3</termfrequency>
</term>
<term>
<termid>4</termid>
<termfrequency>0</termfrequency>
</term>
<term>
<termid>5</termid>
<termfrequency>0</termfrequency>
</term>
</stream>
<stream>
<streamid>3</streamid>
<length>242</length>
<uniquelength>109</uniquelength>
<term>
<termid>1</termid>
<termfrequency>3</termfrequency>
</term>
<term>
<termid>2</termid>
<termfrequency>2</termfrequency>
</term>
<term>
<termid>3</termid>
<termfrequency>3</termfrequency>
</term>
<term>
<termid>4</termid>
<termfrequency>0</termfrequency>
</term>
<term>
<termid>5</termid>
<termfrequency>0</termfrequency>
</term>
</stream>
</doc>
<doc>
<docid>25112</docid>
<label>0</label>
<stream>
<streamid>1</streamid>
<length>5</length>
<uniquelength>5</uniquelength>
<term>
<termid>1</termid>
<termfrequency>0</termfrequency>
</term>
<term>
<termid>2</termid>
<termfrequency>0</termfrequency>
</term>
<term>
<termid>3</termid>
<termfrequency>0</termfrequency>
</term>
<term>
<termid>4</termid>
<termfrequency>1</termfrequency>
</term>
<term>
<termid>5</termid>
<termfrequency>0</termfrequency>
</term>
</stream>
<stream>
<streamid>2</streamid>
<length>84</length>
<uniquelength>64</uniquelength>
<term>
<termid>1</termid>
<termfrequency>0</termfrequency>
</term>
<term>
<termid>2</termid>
<termfrequency>0</termfrequency>
</term>
<term>
<termid>3</termid>
<termfrequency>0</termfrequency>
</term>
<term>
<termid>4</termid>
<termfrequency>4</termfrequency>
</term>
<term>
<termid>5</termid>
<termfrequency>0</termfrequency>
</term>
</stream>
<stream>
<streamid>3</streamid>
<length>89</length>
<uniquelength>66</uniquelength>
<term>
<termid>1</termid>
<termfrequency>0</termfrequency>
</term>
<term>
<termid>2</termid>
<termfrequency>0</termfrequency>
</term>
<term>
<termid>3</termid>
<termfrequency>0</termfrequency>
</term>
<term>
<termid>4</termid>
<termfrequency>5</termfrequency>
</term>
<term>
<termid>5</termid>
<termfrequency>0</termfrequency>
</term>
</stream>
</doc>
<doc>
<docid>18455</docid>
<label>2</label>
<stream>
<streamid>1</streamid>
<length>7</length>
<uniquelength>7</uniquelength>
<term>
<termid>1</termid>
<termfrequency>0</termfrequency>
</term>
<term>
<termid>2</termid>
<termfrequency>0</termfrequency>
</term>
<term>
<termid>3</termid>
<termfrequency>0</termfrequency>
</term>
<term>
<termid>4</termid>
<termfrequency>1</termfrequency>
</term>
<term>
<termid>5</termid>
<termfrequency>0</termfrequency>
</term>
</stream>
<stream>
<streamid>2</streamid>
<length>176</length>
<uniquelength>104</uniquelength>
<term>
<termid>1</termid>
<termfrequency>1</termfrequency>
</term>
<term>
<termid>2</termid>
<termfrequency>0</termfrequency>
</term>
<term>
<termid>3</termid>
<termfrequency>2</termfrequency>
</term>
<term>
<termid>4</termid>
<termfrequency>2</termfrequency>
</term>
<term>
<termid>5</termid>
<termfrequency>0</termfrequency>
</term>
</stream>
<stream>
<streamid>3</streamid>
<length>183</length>
<uniquelength>105</uniquelength>
<term>
<termid>1</termid>
<termfrequency>1</termfrequency>
</term>
<term>
<termid>2</termid>
<termfrequency>0</termfrequency>
</term>
<term>
<termid>3</termid>
<termfrequency>2</termfrequency>
</term>
<term>
<termid>4</termid>
<termfrequency>3</termfrequency>
</term>
<term>
<termid>5</termid>
<termfrequency>0</termfrequency>
</term>
</stream>
</doc>
<doc>
<docid>347156</docid>
<label>0</label>
<stream>
<streamid>1</streamid>
<length>8</length>
<uniquelength>8</uniquelength>
<term>
<termid>1</termid>
<termfrequency>0</termfrequency>
</term>
<term>
<termid>2</termid>
<termfrequency>0</termfrequency>
</term>
<term>
<termid>3</termid>
<termfrequency>0</termfrequency>
</term>
<term>
<termid>4</termid>
<termfrequency>0</termfrequency>
</term>
<term>
<termid>5</termid>
<termfrequency>0</termfrequency>
</term>
</stream>
<stream>
<streamid>2</streamid>
<length>202</length>
<uniquelength>105</uniquelength>
<term>
<termid>1</termid>
<termfrequency>1</termfrequency>
</term>
<term>
<termid>2</termid>
<termfrequency>3</termfrequency>
</term>
<term>
<termid>3</termid>
<termfrequency>0</termfrequency>
</term>
<term>
<termid>4</termid>
<termfrequency>0</termfrequency>
</term>
<term>
<termid>5</termid>
<termfrequency>0</termfrequency>
</term>
</stream>
<stream>
<streamid>3</streamid>
<length>210</length>
<uniquelength>108</uniquelength>
<term>
<termid>1</termid>
<termfrequency>1</termfrequency>
</term>
<term>
<termid>2</termid>
<termfrequency>3</termfrequency>
</term>
<term>
<termid>3</termid>
<termfrequency>0</termfrequency>
</term>
<term>
<termid>4</termid>
<termfrequency>0</termfrequency>
</term>
<term>
<termid>5</termid>
<termfrequency>0</termfrequency>
</term>
</stream>
</doc>
<doc>
<docid>265914</docid>
<label>2</label>
<stream>
<streamid>1</streamid>
<length>6</length>
<uniquelength>6</uniquelength>
<term>
<termid>1</termid>
<termfrequency>0</termfrequency>
</term>
<term>
<termid>2</termid>
<termfrequency>0</termfrequency>
</term>
<term>
<termid>3</termid>
<termfrequency>0</termfrequency>
</term>
<term>
<termid>4</termid>
<termfrequency>0</termfrequency>
</term>
<term>
<termid>5</termid>
<termfrequency>0</termfrequency>
</term>
</stream>
<stream>
<streamid>2</streamid>
<length>61</length>
<uniquelength>44</uniquelength>
<term>
<termid>1</termid>
<termfrequency>1</termfrequency>
</term>
<term>
<termid>2</termid>
<termfrequency>1</termfrequency>
</term>
<term>
<termid>3</termid>
<termfrequency>0</termfrequency>
</term>
<term>
<termid>4</termid>
<termfrequency>0</termfrequency>
</term>
<term>
<termid>5</termid>
<termfrequency>0</termfrequency>
</term>
</stream>
<stream>
<streamid>3</streamid>
<length>67</length>
<uniquelength>45</uniquelength>
<term>
<termid>1</termid>
<termfrequency>1</termfrequency>
</term>
<term>
<termid>2</termid>
<termfrequency>1</termfrequency>
</term>
<term>
<termid>3</termid>
<termfrequency>0</termfrequency>
</term>
<term>
<termid>4</termid>
<termfrequency>0</termfrequency>
</term>
<term>
<termid>5</termid>
<termfrequency>0</termfrequency>
</term>
</stream>
</doc>
<doc>
<docid>111278</docid>
<label>0</label>
<stream>
<streamid>1</streamid>
<length>12</length>
<uniquelength>12</uniquelength>
<term>
<termid>1</termid>
<termfrequency>0</termfrequency>
</term>
<term>
<termid>2</termid>
<termfrequency>0</termfrequency>
</term>
<term>
<termid>3</termid>
<termfrequency>0</termfrequency>
</term>
<term>
<termid>4</termid>
<termfrequency>1</termfrequency>
</term>
<term>
<termid>5</termid>
<termfrequency>0</termfrequency>
</term>
</stream>
<stream>
<streamid>2</streamid>
<length>248</length>
<uniquelength>149</uniquelength>
<term>
<termid>1</termid>
<termfrequency>1</termfrequency>
</term>
<term>
<termid>2</termid>
<termfrequency>0</termfrequency>
</term>
<term>
<termid>3</termid>
<termfrequency>5</termfrequency>
</term>
<term>
<termid>4</termid>
<termfrequency>2</termfrequency>
</term>
<term>
<termid>5</termid>
<termfrequency>0</termfrequency>
</term>
</stream>
<stream>
<streamid>3</streamid>
<length>260</length>
<uniquelength>149</uniquelength>
<term>
<termid>1</termid>
<termfrequency>1</termfrequency>
</term>
<term>
<termid>2</termid>
<termfrequency>0</termfrequency>
</term>
<term>
<termid>3</termid>
<termfrequency>5</termfrequency>
</term>
<term>
<termid>4</termid>
<termfrequency>3</termfrequency>
</term>
<term>
<termid>5</termid>
<termfrequency>0</termfrequency>
</term>
</stream>
</doc>
<doc>
<docid>137260</docid>
<label>0</label>
<stream>
<streamid>1</streamid>
<length>10</length>
<uniquelength>10</uniquelength>
<term>
<termid>1</termid>
<termfrequency>0</termfrequency>
</term>
<term>
<termid>2</termid>
<termfrequency>0</termfrequency>
</term>
<term>
<termid>3</termid>
<termfrequency>0</termfrequency>
</term>
<term>
<termid>4</termid>
<termfrequency>0</termfrequency>
</term>
<term>
<termid>5</termid>
<termfrequency>0</termfrequency>
</term>
</stream>
<stream>
<streamid>2</streamid>
<length>221</length>
<uniquelength>135</uniquelength>
<term>
<termid>1</termid>
<termfrequency>3</termfrequency>
</term>
<term>
<termid>2</termid>
<termfrequency>0</termfrequency>
</term>
<term>
<termid>3</termid>
<termfrequency>1</termfrequency>
</term>
<term>
<termid>4</termid>
<termfrequency>3</termfrequency>
</term>
<term>
<termid>5</termid>
<termfrequency>0</termfrequency>
</term>
</stream>
<stream>
<streamid>3</streamid>
<length>231</length>
<uniquelength>136</uniquelength>
<term>
<termid>1</termid>
<termfrequency>3</termfrequency>
</term>
<term>
<termid>2</termid>
<termfrequency>0</termfrequency>
</term>
<term>
<termid>3</termid>
<termfrequency>1</termfrequency>
</term>
<term>
<termid>4</termid>
<termfrequency>3</termfrequency>
</term>
<term>
<termid>5</termid>
<termfrequency>0</termfrequency>
</term>
</stream>
</doc>
<doc>
<docid>125410</docid>
<label>0</label>
<stream>
<streamid>1</streamid>
<length>13</length>
<uniquelength>13</uniquelength>
<term>
<termid>1</termid>
<termfrequency>0</termfrequency>
</term>
<term>
<termid>2</termid>
<termfrequency>0</termfrequency>
</term>
<term>
<termid>3</termid>
<termfrequency>0</termfrequency>
</term>
<term>
<termid>4</termid>
<termfrequency>0</termfrequency>
</term>
<term>
<termid>5</termid>
<termfrequency>0</termfrequency>
</term>
</stream>
<stream>
<streamid>2</streamid>
<length>91</length>
<uniquelength>69</uniquelength>
<term>
<termid>1</termid>
<termfrequency>2</termfrequency>
</term>
<term>
<termid>2</termid>
<termfrequency>1</termfrequency>
</term>
<term>
<termid>3</termid>
<termfrequency>0</termfrequency>
</term>
<term>
<termid>4</termid>
<termfrequency>0</termfrequency>
</term>
<term>
<termid>5</termid>
<termfrequency>0</termfrequency>
</term>
</stream>
<stream>
<streamid>3</streamid>
<length>104</length>
<uniquelength>70</uniquelength>
<term>
<termid>1</termid>
<termfrequency>2</termfrequency>
</term>
<term>
<termid>2</termid>
<termfrequency>1</termfrequency>
</term>
<term>
<termid>3</termid>
<termfrequency>0</termfrequency>
</term>
<term>
<termid>4</termid>
<termfrequency>0</termfrequency>
</term>
<term>
<termid>5</termid>
<termfrequency>0</termfrequency>
</term>
</stream>
</doc>
<doc>
<docid>28902</docid>
<label>0</label>
<stream>
<streamid>1</streamid>
<length>7</length>
<uniquelength>7</uniquelength>
<term>
<termid>1</termid>
<termfrequency>0</termfrequency>
</term>
<term>
<termid>2</termid>
<termfrequency>0</termfrequency>
</term>
<term>
<termid>3</termid>
<termfrequency>0</termfrequency>
</term>
<term>
<termid>4</termid>
<termfrequency>0</termfrequency>
</term>
<term>
<termid>5</termid>
<termfrequency>0</termfrequency>
</term>
</stream>
<stream>
<streamid>2</streamid>
<length>90</length>
<uniquelength>46</uniquelength>
<term>
<termid>1</termid>
<termfrequency>0</termfrequency>
</term>
<term>
<termid>2</termid>
<termfrequency>0</termfrequency>
</term>
<term>
<termid>3</termid>
<termfrequency>0</termfrequency>
</term>
<term>
<termid>4</termid>
<termfrequency>2</termfrequency>
</term>
<term>
<termid>5</termid>
<termfrequency>0</termfrequency>
</term>
</stream>
<stream>
<streamid>3</streamid>
<length>97</length>
<uniquelength>47</uniquelength>
<term>
<termid>1</termid>
<termfrequency>0</termfrequency>
</term>
<term>
<termid>2</termid>
<termfrequency>0</termfrequency>
</term>
<term>
<termid>3</termid>
<termfrequency>0</termfrequency>
</term>
<term>
<termid>4</termid>
<termfrequency>2</termfrequency>
</term>
<term>
<termid>5</termid>
<termfrequency>0</termfrequency>
</term>
</stream>
</doc>
<doc>
<docid>284324</docid>
<label>0</label>
<stream>
<streamid>1</streamid>
<length>10</length>
<uniquelength>10</uniquelength>
<term>
<termid>1</termid>
<termfrequency>1</termfrequency>
</term>
<term>
<termid>2</termid>
<termfrequency>0</termfrequency>
</term>
<term>
<termid>3</termid>
<termfrequency>0</termfrequency>
</term>
<term>
<termid>4</termid>
<termfrequency>0</termfrequency>
</term>
<term>
<termid>5</termid>
<termfrequency>0</termfrequency>
</term>
</stream>
<stream>
<streamid>2</streamid>
<length>190</length>
<uniquelength>101</uniquelength>
<term>
<termid>1</termid>
<termfrequency>1</termfrequency>
</term>
<term>
<termid>2</termid>
<termfrequency>1</termfrequency>
</term>
<term>
<termid>3</termid>
<termfrequency>1</termfrequency>
</term>
<term>
<termid>4</termid>
<termfrequency>0</termfrequency>
</term>
<term>
<termid>5</termid>
<termfrequency>0</termfrequency>
</term>
</stream>
<stream>
<streamid>3</streamid>
<length>200</length>
<uniquelength>102</uniquelength>
<term>
<termid>1</termid>
<termfrequency>2</termfrequency>
</term>
<term>
<termid>2</termid>
<termfrequency>1</termfrequency>
</term>
<term>
<termid>3</termid>
<termfrequency>1</termfrequency>
</term>
<term>
<termid>4</termid>
<termfrequency>0</termfrequency>
</term>
<term>
<termid>5</termid>
<termfrequency>0</termfrequency>
</term>
</stream>
</doc>
<doc>
<docid>127260</docid>
<label>1</label>
<stream>
<streamid>1</streamid>
<length>9</length>
<uniquelength>9</uniquelength>
<term>
<termid>1</termid>
<termfrequency>0</termfrequency>
</term>
<term>
<termid>2</termid>
<termfrequency>0</termfrequency>
</term>
<term>
<termid>3</termid>
<termfrequency>0</termfrequency>
</term>
<term>
<termid>4</termid>
<termfrequency>0</termfrequency>
</term>
<term>
<termid>5</termid>
<termfrequency>1</termfrequency>
</term>
</stream>
<stream>
<streamid>2</streamid>
<length>83</length>
<uniquelength>53</uniquelength>
<term>
<termid>1</termid>
<termfrequency>1</termfrequency>
</term>
<term>
<termid>2</termid>
<termfrequency>0</termfrequency>
</term>
<term>
<termid>3</termid>
<termfrequency>0</termfrequency>
</term>
<term>
<termid>4</termid>
<termfrequency>0</termfrequency>
</term>
<term>
<termid>5</termid>
<termfrequency>1</termfrequency>
</term>
</stream>
<stream>
<streamid>3</streamid>
<length>92</length>
<uniquelength>55</uniquelength>
<term>
<termid>1</termid>
<termfrequency>1</termfrequency>
</term>
<term>
<termid>2</termid>
<termfrequency>0</termfrequency>
</term>
<term>
<termid>3</termid>
<termfrequency>0</termfrequency>
</term>
<term>
<termid>4</termid>
<termfrequency>0</termfrequency>
</term>
<term>
<termid>5</termid>
<termfrequency>2</termfrequency>
</term>
</stream>
</doc>
<doc>
<docid>154762</docid>
<label>0</label>
<stream>
<streamid>1</streamid>
<length>14</length>
<uniquelength>14</uniquelength>
<term>
<termid>1</termid>
<termfrequency>0</termfrequency>
</term>
<term>
<termid>2</termid>
<termfrequency>0</termfrequency>
</term>
<term>
<termid>3</termid>
<termfrequency>0</termfrequency>
</term>
<term>
<termid>4</termid>
<termfrequency>0</termfrequency>
</term>
<term>
<termid>5</termid>
<termfrequency>1</termfrequency>
</term>
</stream>
<stream>
<streamid>2</streamid>
<length>0</length>
<uniquelength>0</uniquelength>
<term>
<termid>1</termid>
<termfrequency>0</termfrequency>
</term>
<term>
<termid>2</termid>
<termfrequency>0</termfrequency>
</term>
<term>
<termid>3</termid>
<termfrequency>0</termfrequency>
</term>
<term>
<termid>4</termid>
<termfrequency>0</termfrequency>
</term>
<term>
<termid>5</termid>
<termfrequency>0</termfrequency>
</term>
</stream>
<stream>
<streamid>3</streamid>
<length>14</length>
<uniquelength>14</uniquelength>
<term>
<termid>1</termid>
<termfrequency>0</termfrequency>
</term>
<term>
<termid>2</termid>
<termfrequency>0</termfrequency>
</term>
<term>
<termid>3</termid>
<termfrequency>0</termfrequency>
</term>
<term>
<termid>4</termid>
<termfrequency>0</termfrequency>
</term>
<term>
<termid>5</termid>
<termfrequency>1</termfrequency>
</term>
</stream>
</doc>
<doc>
<docid>122997</docid>
<label>1</label>
<stream>
<streamid>1</streamid>
<length>10</length>
<uniquelength>10</uniquelength>
<term>
<termid>1</termid>
<termfrequency>0</termfrequency>
</term>
<term>
<termid>2</termid>
<termfrequency>0</termfrequency>
</term>
<term>
<termid>3</termid>
<termfrequency>0</termfrequency>
</term>
<term>
<termid>4</termid>
<termfrequency>0</termfrequency>
</term>
<term>
<termid>5</termid>
<termfrequency>1</termfrequency>
</term>
</stream>
<stream>
<streamid>2</streamid>
<length>94</length>
<uniquelength>56</uniquelength>
<term>
<termid>1</termid>
<termfrequency>0</termfrequency>
</term>
<term>
<termid>2</termid>
<termfrequency>0</termfrequency>
</term>
<term>
<termid>3</termid>
<termfrequency>0</termfrequency>
</term>
<term>
<termid>4</termid>
<termfrequency>0</termfrequency>
</term>
<term>
<termid>5</termid>
<termfrequency>2</termfrequency>
</term>
</stream>
<stream>
<streamid>3</streamid>
<length>104</length>
<uniquelength>59</uniquelength>
<term>
<termid>1</termid>
<termfrequency>0</termfrequency>
</term>
<term>
<termid>2</termid>
<termfrequency>0</termfrequency>
</term>
<term>
<termid>3</termid>
<termfrequency>0</termfrequency>
</term>
<term>
<termid>4</termid>
<termfrequency>0</termfrequency>
</term>
<term>
<termid>5</termid>
<termfrequency>3</termfrequency>
</term>
</stream>
</doc>
<doc>
<docid>273362</docid>
<label>1</label>
<stream>
<streamid>1</streamid>
<length>8</length>
<uniquelength>8</uniquelength>
<term>
<termid>1</termid>
<termfrequency>0</termfrequency>
</term>
<term>
<termid>2</termid>
<termfrequency>0</termfrequency>
</term>
<term>
<termid>3</termid>
<termfrequency>0</termfrequency>
</term>
<term>
<termid>4</termid>
<termfrequency>0</termfrequency>
</term>
<term>
<termid>5</termid>
<termfrequency>0</termfrequency>
</term>
</stream>
<stream>
<streamid>2</streamid>
<length>141</length>
<uniquelength>78</uniquelength>
<term>
<termid>1</termid>
<termfrequency>7</termfrequency>
</term>
<term>
<termid>2</termid>
<termfrequency>0</termfrequency>
</term>
<term>
<termid>3</termid>
<termfrequency>2</termfrequency>
</term>
<term>
<termid>4</termid>
<termfrequency>0</termfrequency>
</term>
<term>
<termid>5</termid>
<termfrequency>0</termfrequency>
</term>
</stream>
<stream>
<streamid>3</streamid>
<length>149</length>
<uniquelength>82</uniquelength>
<term>
<termid>1</termid>
<termfrequency>7</termfrequency>
</term>
<term>
<termid>2</termid>
<termfrequency>0</termfrequency>
</term>
<term>
<termid>3</termid>
<termfrequency>2</termfrequency>
</term>
<term>
<termid>4</termid>
<termfrequency>0</termfrequency>
</term>
<term>
<termid>5</termid>
<termfrequency>0</termfrequency>
</term>
</stream>
</doc>
<doc>
<docid>117888</docid>
<label>0</label>
<stream>
<streamid>1</streamid>
<length>15</length>
<uniquelength>15</uniquelength>
<term>
<termid>1</termid>
<termfrequency>0</termfrequency>
</term>
<term>
<termid>2</termid>
<termfrequency>0</termfrequency>
</term>
<term>
<termid>3</termid>
<termfrequency>0</termfrequency>
</term>
<term>
<termid>4</termid>
<termfrequency>0</termfrequency>
</term>
<term>
<termid>5</termid>
<termfrequency>0</termfrequency>
</term>
</stream>
<stream>
<streamid>2</streamid>
<length>204</length>
<uniquelength>92</uniquelength>
<term>
<termid>1</termid>
<termfrequency>2</termfrequency>
</term>
<term>
<termid>2</termid>
<termfrequency>0</termfrequency>
</term>
<term>
<termid>3</termid>
<termfrequency>2</termfrequency>
</term>
<term>
<termid>4</termid>
<termfrequency>0</termfrequency>
</term>
<term>
<termid>5</termid>
<termfrequency>0</termfrequency>
</term>
</stream>
<stream>
<streamid>3</streamid>
<length>219</length>
<uniquelength>95</uniquelength>
<term>
<termid>1</termid>
<termfrequency>2</termfrequency>
</term>
<term>
<termid>2</termid>
<termfrequency>0</termfrequency>
</term>
<term>
<termid>3</termid>
<termfrequency>2</termfrequency>
</term>
<term>
<termid>4</termid>
<termfrequency>0</termfrequency>
</term>
<term>
<termid>5</termid>
<termfrequency>0</termfrequency>
</term>
</stream>
</doc>
<doc>
<docid>118099</docid>
<label>0</label>
<stream>
<streamid>1</streamid>
<length>9</length>
<uniquelength>9</uniquelength>
<term>
<termid>1</termid>
<termfrequency>0</termfrequency>
</term>
<term>
<termid>2</termid>
<termfrequency>0</termfrequency>
</term>
<term>
<termid>3</termid>
<termfrequency>0</termfrequency>
</term>
<term>
<termid>4</termid>
<termfrequency>0</termfrequency>
</term>
<term>
<termid>5</termid>
<termfrequency>0</termfrequency>
</term>
</stream>
<stream>
<streamid>2</streamid>
<length>215</length>
<uniquelength>121</uniquelength>
<term>
<termid>1</termid>
<termfrequency>2</termfrequency>
</term>
<term>
<termid>2</termid>
<termfrequency>0</termfrequency>
</term>
<term>
<termid>3</termid>
<termfrequency>1</termfrequency>
</term>
<term>
<termid>4</termid>
<termfrequency>0</termfrequency>
</term>
<term>
<termid>5</termid>
<termfrequency>0</termfrequency>
</term>
</stream>
<stream>
<streamid>3</streamid>
<length>224</length>
<uniquelength>121</uniquelength>
<term>
<termid>1</termid>
<termfrequency>2</termfrequency>
</term>
<term>
<termid>2</termid>
<termfrequency>0</termfrequency>
</term>
<term>
<termid>3</termid>
<termfrequency>1</termfrequency>
</term>
<term>
<termid>4</termid>
<termfrequency>0</termfrequency>
</term>
<term>
<termid>5</termid>
<termfrequency>0</termfrequency>
</term>
</stream>
</doc>
<doc>
<docid>51087</docid>
<label>0</label>
<stream>
<streamid>1</streamid>
<length>7</length>
<uniquelength>7</uniquelength>
<term>
<termid>1</termid>
<termfrequency>0</termfrequency>
</term>
<term>
<termid>2</termid>
<termfrequency>0</termfrequency>
</term>
<term>
<termid>3</termid>
<termfrequency>0</termfrequency>
</term>
<term>
<termid>4</termid>
<termfrequency>0</termfrequency>
</term>
<term>
<termid>5</termid>
<termfrequency>0</termfrequency>
</term>
</stream>
<stream>
<streamid>2</streamid>
<length>85</length>
<uniquelength>68</uniquelength>
<term>
<termid>1</termid>
<termfrequency>2</termfrequency>
</term>
<term>
<termid>2</termid>
<termfrequency>0</termfrequency>
</term>
<term>
<termid>3</termid>
<termfrequency>0</termfrequency>
</term>
<term>
<termid>4</termid>
<termfrequency>0</termfrequency>
</term>
<term>
<termid>5</termid>
<termfrequency>0</termfrequency>
</term>
</stream>
<stream>
<streamid>3</streamid>
<length>92</length>
<uniquelength>69</uniquelength>
<term>
<termid>1</termid>
<termfrequency>2</termfrequency>
</term>
<term>
<termid>2</termid>
<termfrequency>0</termfrequency>
</term>
<term>
<termid>3</termid>
<termfrequency>0</termfrequency>
</term>
<term>
<termid>4</termid>
<termfrequency>0</termfrequency>
</term>
<term>
<termid>5</termid>
<termfrequency>0</termfrequency>
</term>
</stream>
</doc>
</docinfo>
</query>
