<?xml version="1.0" encoding="utf-8"?>
<query>
<id>8</id>
<streaminfo>
<stream>
<streamid>1</streamid>
<streamspecificquerylength>5</streamspecificquerylength>
</stream>
<stream>
<streamid>2</streamid>
<streamspecificquerylength>5</streamspecificquerylength>
</stream>
<stream>
<streamid>3</streamid>
<streamspecificquerylength>5</streamspecificquerylength>
</stream>
</streaminfo>
<terminfo>
<termnum>5</termnum>
<term>
<termid>1</termid>
<word>work</word>
<stream>
<streamid>1</streamid>
<streamfrequency>790</streamfrequency>
<streamtermfrequency>804</streamtermfrequency>
</stream>
<stream>
<streamid>2</streamid>
<streamfrequency>5492</streamfrequency>
<streamtermfrequency>7700</streamtermfrequency>
</stream>
<stream>
<streamid>3</streamid>
<streamfrequency>6015</streamfrequency>
<streamtermfrequency>8504</streamtermfrequency>
</stream>
</term>
<term>
<termid>2</termid>
<word>hypertens</word>
<stream>
<streamid>1</streamid>
<streamfrequency>4369</streamfrequency>
<streamtermfrequency>4496</streamtermfrequency>
</stream>
<stream>
<streamid>2</streamid>
<streamfrequency>7582</streamfrequency>
<streamtermfrequency>17918</streamtermfrequency>
</stream>
<stream>
<streamid>3</streamid>
<streamfrequency>8600</streamfrequency>
<streamtermfrequency>22414</streamtermfrequency>
</stream>
</term>
<term>
<termid>3</termid>
<word>patient</word>
<stream>
<streamid>1</streamid>
<streamfrequency>25967</streamfrequency>
<streamtermfrequency>26250</streamtermfrequency>
</stream>
<stream>
<streamid>2</streamid>
<streamfrequency>109709</streamfrequency>
<streamtermfrequency>383274</streamtermfrequency>
</stream>
<stream>
<streamid>3</streamid>
<streamfrequency>116387</streamfrequency>
<streamtermfrequency>409524</streamtermfrequency>
</stream>
</term>
<term>
<termid>4</termid>
<word>horsesho</word>
<stream>
<streamid>1</streamid>
<streamfrequency>22</streamfrequency>
<streamtermfrequency>22</streamtermfrequency>
</stream>
<stream>
<streamid>2</streamid>
<streamfrequency>37</streamfrequency>
<streamtermfrequency>58</streamtermfrequency>
</stream>
<stream>
<streamid>3</streamid>
<streamfrequency>42</streamfrequency>
<streamtermfrequency>80</streamtermfrequency>
</stream>
</term>
<term>
<termid>5</termid>
<word>kidnei</word>
<stream>
<streamid>1</streamid>
<streamfrequency>1913</streamfrequency>
<streamtermfrequency>1942</streamtermfrequency>
</stream>
<stream>
<streamid>2</streamid>
<streamfrequency>4687</streamfrequency>
<streamtermfrequency>8694</streamtermfrequency>
</stream>
<stream>
<streamid>3</streamid>
<streamfrequency>5752</streamfrequency>
<streamtermfrequency>10636</streamtermfrequency>
</stream>
</term>
</terminfo>
<docinfo>
<docnum>42</docnum>
<doc>
<docid>173741</docid>
<label>0</label>
<stream>
<streamid>1</streamid>
<length>9</length>
<uniquelength>9</uniquelength>
<term>
<termid>1</termid>
<termfrequency>0</termfrequency>
</term>
<term>
<termid>2</termid>
<termfrequency>0</termfrequency>
</term>
<term>
<termid>3</termid>
<termfrequency>0</termfrequency>
</term>
<term>
<termid>4</termid>
<termfrequency>1</termfrequency>
</term>
<term>
<termid>5</termid>
<termfrequency>1</termfrequency>
</term>
</stream>
<stream>
<streamid>2</streamid>
<length>58</length>
<uniquelength>33</uniquelength>
<term>
<termid>1</termid>
<termfrequency>0</termfrequency>
</term>
<term>
<termid>2</termid>
<termfrequency>0</termfrequency>
</term>
<term>
<termid>3</termid>
<termfrequency>1</termfrequency>
</term>
<term>
<termid>4</termid>
<termfrequency>4</termfrequency>
</term>
<term>
<termid>5</termid>
<termfrequency>5</termfrequency>
</term>
</stream>
<stream>
<streamid>3</streamid>
<length>67</length>
<uniquelength>33</uniquelength>
<term>
<termid>1</termid>
<termfrequency>0</termfrequency>
</term>
<term>
<termid>2</termid>
<termfrequency>0</termfrequency>
</term>
<term>
<termid>3</termid>
<termfrequency>1</termfrequency>
</term>
<term>
<termid>4</termid>
<termfrequency>5</termfrequency>
</term>
<term>
<termid>5</termid>
<termfrequency>6</termfrequency>
</term>
</stream>
</doc>
<doc>
<docid>195018</docid>
<label>0</label>
<stream>
<streamid>1</streamid>
<length>3</length>
<uniquelength>3</uniquelength>
<term>
<termid>1</termid>
<termfrequency>0</termfrequency>
</term>
<term>
<termid>2</termid>
<termfrequency>0</termfrequency>
</term>
<term>
<termid>3</termid>
<termfrequency>0</termfrequency>
</term>
<term>
<termid>4</termid>
<termfrequency>1</termfrequency>
</term>
<term>
<termid>5</termid>
<termfrequency>1</termfrequency>
</term>
</stream>
<stream>
<streamid>2</streamid>
<length>19</length>
<uniquelength>16</uniquelength>
<term>
<termid>1</termid>
<termfrequency>0</termfrequency>
</term>
<term>
<termid>2</termid>
<termfrequency>0</termfrequency>
</term>
<term>
<termid>3</termid>
<termfrequency>0</termfrequency>
</term>
<term>
<termid>4</termid>
<termfrequency>2</termfrequency>
</term>
<term>
<termid>5</termid>
<termfrequency>2</termfrequency>
</term>
</stream>
<stream>
<streamid>3</streamid>
<length>22</length>
<uniquelength>17</uniquelength>
<term>
<termid>1</termid>
<termfrequency>0</termfrequency>
</term>
<term>
<termid>2</termid>
<termfrequency>0</termfrequency>
</term>
<term>
<termid>3</termid>
<termfrequency>0</termfrequency>
</term>
<term>
<termid>4</termid>
<termfrequency>3</termfrequency>
</term>
<term>
<termid>5</termid>
<termfrequency>3</termfrequency>
</term>
</stream>
</doc>
<doc>
<docid>260279</docid>
<label>0</label>
<stream>
<streamid>1</streamid>
<length>5</length>
<uniquelength>5</uniquelength>
<term>
<termid>1</termid>
<termfrequency>0</termfrequency>
</term>
<term>
<termid>2</termid>
<termfrequency>0</termfrequency>
</term>
<term>
<termid>3</termid>
<termfrequency>0</termfrequency>
</term>
<term>
<termid>4</termid>
<termfrequency>1</termfrequency>
</term>
<term>
<termid>5</termid>
<termfrequency>1</termfrequency>
</term>
</stream>
<stream>
<streamid>2</streamid>
<length>19</length>
<uniquelength>15</uniquelength>
<term>
<termid>1</termid>
<termfrequency>0</termfrequency>
</term>
<term>
<termid>2</termid>
<termfrequency>0</termfrequency>
</term>
<term>
<termid>3</termid>
<termfrequency>0</termfrequency>
</term>
<term>
<termid>4</termid>
<termfrequency>2</termfrequency>
</term>
<term>
<termid>5</termid>
<termfrequency>2</termfrequency>
</term>
</stream>
<stream>
<streamid>3</streamid>
<length>24</length>
<uniquelength>15</uniquelength>
<term>
<termid>1</termid>
<termfrequency>0</termfrequency>
</term>
<term>
<termid>2</termid>
<termfrequency>0</termfrequency>
</term>
<term>
<termid>3</termid>
<termfrequency>0</termfrequency>
</term>
<term>
<termid>4</termid>
<termfrequency>3</termfrequency>
</term>
<term>
<termid>5</termid>
<termfrequency>3</termfrequency>
</term>
</stream>
</doc>
<doc>
<docid>98592</docid>
<label>0</label>
<stream>
<streamid>1</streamid>
<length>8</length>
<uniquelength>8</uniquelength>
<term>
<termid>1</termid>
<termfrequency>0</termfrequency>
</term>
<term>
<termid>2</termid>
<termfrequency>0</termfrequency>
</term>
<term>
<termid>3</termid>
<termfrequency>0</termfrequency>
</term>
<term>
<termid>4</termid>
<termfrequency>1</termfrequency>
</term>
<term>
<termid>5</termid>
<termfrequency>1</termfrequency>
</term>
</stream>
<stream>
<streamid>2</streamid>
<length>65</length>
<uniquelength>47</uniquelength>
<term>
<termid>1</termid>
<termfrequency>0</termfrequency>
</term>
<term>
<termid>2</termid>
<termfrequency>0</termfrequency>
</term>
<term>
<termid>3</termid>
<termfrequency>3</termfrequency>
</term>
<term>
<termid>4</termid>
<termfrequency>3</termfrequency>
</term>
<term>
<termid>5</termid>
<termfrequency>5</termfrequency>
</term>
</stream>
<stream>
<streamid>3</streamid>
<length>73</length>
<uniquelength>50</uniquelength>
<term>
<termid>1</termid>
<termfrequency>0</termfrequency>
</term>
<term>
<termid>2</termid>
<termfrequency>0</termfrequency>
</term>
<term>
<termid>3</termid>
<termfrequency>3</termfrequency>
</term>
<term>
<termid>4</termid>
<termfrequency>4</termfrequency>
</term>
<term>
<termid>5</termid>
<termfrequency>6</termfrequency>
</term>
</stream>
</doc>
<doc>
<docid>82809</docid>
<label>0</label>
<stream>
<streamid>1</streamid>
<length>5</length>
<uniquelength>5</uniquelength>
<term>
<termid>1</termid>
<termfrequency>0</termfrequency>
</term>
<term>
<termid>2</termid>
<termfrequency>0</termfrequency>
</term>
<term>
<termid>3</termid>
<termfrequency>0</termfrequency>
</term>
<term>
<termid>4</termid>
<termfrequency>1</termfrequency>
</term>
<term>
<termid>5</termid>
<termfrequency>1</termfrequency>
</term>
</stream>
<stream>
<streamid>2</streamid>
<length>22</length>
<uniquelength>18</uniquelength>
<term>
<termid>1</termid>
<termfrequency>0</termfrequency>
</term>
<term>
<termid>2</termid>
<termfrequency>0</termfrequency>
</term>
<term>
<termid>3</termid>
<termfrequency>0</termfrequency>
</term>
<term>
<termid>4</termid>
<termfrequency>2</termfrequency>
</term>
<term>
<termid>5</termid>
<termfrequency>2</termfrequency>
</term>
</stream>
<stream>
<streamid>3</streamid>
<length>27</length>
<uniquelength>18</uniquelength>
<term>
<termid>1</termid>
<termfrequency>0</termfrequency>
</term>
<term>
<termid>2</termid>
<termfrequency>0</termfrequency>
</term>
<term>
<termid>3</termid>
<termfrequency>0</termfrequency>
</term>
<term>
<termid>4</termid>
<termfrequency>3</termfrequency>
</term>
<term>
<termid>5</termid>
<termfrequency>3</termfrequency>
</term>
</stream>
</doc>
<doc>
<docid>109282</docid>
<label>0</label>
<stream>
<streamid>1</streamid>
<length>7</length>
<uniquelength>7</uniquelength>
<term>
<termid>1</termid>
<termfrequency>0</termfrequency>
</term>
<term>
<termid>2</termid>
<termfrequency>0</termfrequency>
</term>
<term>
<termid>3</termid>
<termfrequency>0</termfrequency>
</term>
<term>
<termid>4</termid>
<termfrequency>1</termfrequency>
</term>
<term>
<termid>5</termid>
<termfrequency>1</termfrequency>
</term>
</stream>
<stream>
<streamid>2</streamid>
<length>34</length>
<uniquelength>26</uniquelength>
<term>
<termid>1</termid>
<termfrequency>0</termfrequency>
</term>
<term>
<termid>2</termid>
<termfrequency>0</termfrequency>
</term>
<term>
<termid>3</termid>
<termfrequency>0</termfrequency>
</term>
<term>
<termid>4</termid>
<termfrequency>2</termfrequency>
</term>
<term>
<termid>5</termid>
<termfrequency>5</termfrequency>
</term>
</stream>
<stream>
<streamid>3</streamid>
<length>41</length>
<uniquelength>26</uniquelength>
<term>
<termid>1</termid>
<termfrequency>0</termfrequency>
</term>
<term>
<termid>2</termid>
<termfrequency>0</termfrequency>
</term>
<term>
<termid>3</termid>
<termfrequency>0</termfrequency>
</term>
<term>
<termid>4</termid>
<termfrequency>3</termfrequency>
</term>
<term>
<termid>5</termid>
<termfrequency>6</termfrequency>
</term>
</stream>
</doc>
<doc>
<docid>95866</docid>
<label>0</label>
<stream>
<streamid>1</streamid>
<length>6</length>
<uniquelength>6</uniquelength>
<term>
<termid>1</termid>
<termfrequency>0</termfrequency>
</term>
<term>
<termid>2</termid>
<termfrequency>0</termfrequency>
</term>
<term>
<termid>3</termid>
<termfrequency>0</termfrequency>
</term>
<term>
<termid>4</termid>
<termfrequency>1</termfrequency>
</term>
<term>
<termid>5</termid>
<termfrequency>1</termfrequency>
</term>
</stream>
<stream>
<streamid>2</streamid>
<length>15</length>
<uniquelength>15</uniquelength>
<term>
<termid>1</termid>
<termfrequency>0</termfrequency>
</term>
<term>
<termid>2</termid>
<termfrequency>0</termfrequency>
</term>
<term>
<termid>3</termid>
<termfrequency>1</termfrequency>
</term>
<term>
<termid>4</termid>
<termfrequency>1</termfrequency>
</term>
<term>
<termid>5</termid>
<termfrequency>1</termfrequency>
</term>
</stream>
<stream>
<streamid>3</streamid>
<length>21</length>
<uniquelength>15</uniquelength>
<term>
<termid>1</termid>
<termfrequency>0</termfrequency>
</term>
<term>
<termid>2</termid>
<termfrequency>0</termfrequency>
</term>
<term>
<termid>3</termid>
<termfrequency>1</termfrequency>
</term>
<term>
<termid>4</termid>
<termfrequency>2</termfrequency>
</term>
<term>
<termid>5</termid>
<termfrequency>2</termfrequency>
</term>
</stream>
</doc>
<doc>
<docid>255335</docid>
<label>0</label>
<stream>
<streamid>1</streamid>
<length>6</length>
<uniquelength>6</uniquelength>
<term>
<termid>1</termid>
<termfrequency>0</termfrequency>
</term>
<term>
<termid>2</termid>
<termfrequency>0</termfrequency>
</term>
<term>
<termid>3</termid>
<termfrequency>0</termfrequency>
</term>
<term>
<termid>4</termid>
<termfrequency>1</termfrequency>
</term>
<term>
<termid>5</termid>
<termfrequency>1</termfrequency>
</term>
</stream>
<stream>
<streamid>2</streamid>
<length>41</length>
<uniquelength>33</uniquelength>
<term>
<termid>1</termid>
<termfrequency>0</termfrequency>
</term>
<term>
<termid>2</termid>
<termfrequency>0</termfrequency>
</term>
<term>
<termid>3</termid>
<termfrequency>1</termfrequency>
</term>
<term>
<termid>4</termid>
<termfrequency>2</termfrequency>
</term>
<term>
<termid>5</termid>
<termfrequency>2</termfrequency>
</term>
</stream>
<stream>
<streamid>3</streamid>
<length>47</length>
<uniquelength>33</uniquelength>
<term>
<termid>1</termid>
<termfrequency>0</termfrequency>
</term>
<term>
<termid>2</termid>
<termfrequency>0</termfrequency>
</term>
<term>
<termid>3</termid>
<termfrequency>1</termfrequency>
</term>
<term>
<termid>4</termid>
<termfrequency>3</termfrequency>
</term>
<term>
<termid>5</termid>
<termfrequency>3</termfrequency>
</term>
</stream>
</doc>
<doc>
<docid>14759</docid>
<label>0</label>
<stream>
<streamid>1</streamid>
<length>5</length>
<uniquelength>5</uniquelength>
<term>
<termid>1</termid>
<termfrequency>0</termfrequency>
</term>
<term>
<termid>2</termid>
<termfrequency>0</termfrequency>
</term>
<term>
<termid>3</termid>
<termfrequency>0</termfrequency>
</term>
<term>
<termid>4</termid>
<termfrequency>1</termfrequency>
</term>
<term>
<termid>5</termid>
<termfrequency>1</termfrequency>
</term>
</stream>
<stream>
<streamid>2</streamid>
<length>36</length>
<uniquelength>29</uniquelength>
<term>
<termid>1</termid>
<termfrequency>0</termfrequency>
</term>
<term>
<termid>2</termid>
<termfrequency>0</termfrequency>
</term>
<term>
<termid>3</termid>
<termfrequency>2</termfrequency>
</term>
<term>
<termid>4</termid>
<termfrequency>1</termfrequency>
</term>
<term>
<termid>5</termid>
<termfrequency>2</termfrequency>
</term>
</stream>
<stream>
<streamid>3</streamid>
<length>41</length>
<uniquelength>29</uniquelength>
<term>
<termid>1</termid>
<termfrequency>0</termfrequency>
</term>
<term>
<termid>2</termid>
<termfrequency>0</termfrequency>
</term>
<term>
<termid>3</termid>
<termfrequency>2</termfrequency>
</term>
<term>
<termid>4</termid>
<termfrequency>2</termfrequency>
</term>
<term>
<termid>5</termid>
<termfrequency>3</termfrequency>
</term>
</stream>
</doc>
<doc>
<docid>146549</docid>
<label>0</label>
<stream>
<streamid>1</streamid>
<length>9</length>
<uniquelength>9</uniquelength>
<term>
<termid>1</termid>
<termfrequency>0</termfrequency>
</term>
<term>
<termid>2</termid>
<termfrequency>0</termfrequency>
</term>
<term>
<termid>3</termid>
<termfrequency>0</termfrequency>
</term>
<term>
<termid>4</termid>
<termfrequency>1</termfrequency>
</term>
<term>
<termid>5</termid>
<termfrequency>1</termfrequency>
</term>
</stream>
<stream>
<streamid>2</streamid>
<length>15</length>
<uniquelength>15</uniquelength>
<term>
<termid>1</termid>
<termfrequency>0</termfrequency>
</term>
<term>
<termid>2</termid>
<termfrequency>0</termfrequency>
</term>
<term>
<termid>3</termid>
<termfrequency>0</termfrequency>
</term>
<term>
<termid>4</termid>
<termfrequency>1</termfrequency>
</term>
<term>
<termid>5</termid>
<termfrequency>1</termfrequency>
</term>
</stream>
<stream>
<streamid>3</streamid>
<length>24</length>
<uniquelength>17</uniquelength>
<term>
<termid>1</termid>
<termfrequency>0</termfrequency>
</term>
<term>
<termid>2</termid>
<termfrequency>0</termfrequency>
</term>
<term>
<termid>3</termid>
<termfrequency>0</termfrequency>
</term>
<term>
<termid>4</termid>
<termfrequency>2</termfrequency>
</term>
<term>
<termid>5</termid>
<termfrequency>2</termfrequency>
</term>
</stream>
</doc>
<doc>
<docid>302156</docid>
<label>0</label>
<stream>
<streamid>1</streamid>
<length>5</length>
<uniquelength>5</uniquelength>
<term>
<termid>1</termid>
<termfrequency>0</termfrequency>
</term>
<term>
<termid>2</termid>
<termfrequency>0</termfrequency>
</term>
<term>
<termid>3</termid>
<termfrequency>0</termfrequency>
</term>
<term>
<termid>4</termid>
<termfrequency>1</termfrequency>
</term>
<term>
<termid>5</termid>
<termfrequency>1</termfrequency>
</term>
</stream>
<stream>
<streamid>2</streamid>
<length>94</length>
<uniquelength>65</uniquelength>
<term>
<termid>1</termid>
<termfrequency>0</termfrequency>
</term>
<term>
<termid>2</termid>
<termfrequency>0</termfrequency>
</term>
<term>
<termid>3</termid>
<termfrequency>3</termfrequency>
</term>
<term>
<termid>4</termid>
<termfrequency>2</termfrequency>
</term>
<term>
<termid>5</termid>
<termfrequency>6</termfrequency>
</term>
</stream>
<stream>
<streamid>3</streamid>
<length>99</length>
<uniquelength>65</uniquelength>
<term>
<termid>1</termid>
<termfrequency>0</termfrequency>
</term>
<term>
<termid>2</termid>
<termfrequency>0</termfrequency>
</term>
<term>
<termid>3</termid>
<termfrequency>3</termfrequency>
</term>
<term>
<termid>4</termid>
<termfrequency>3</termfrequency>
</term>
<term>
<termid>5</termid>
<termfrequency>7</termfrequency>
</term>
</stream>
</doc>
<doc>
<docid>195086</docid>
<label>0</label>
<stream>
<streamid>1</streamid>
<length>3</length>
<uniquelength>3</uniquelength>
<term>
<termid>1</termid>
<termfrequency>0</termfrequency>
</term>
<term>
<termid>2</termid>
<termfrequency>0</termfrequency>
</term>
<term>
<termid>3</termid>
<termfrequency>0</termfrequency>
</term>
<term>
<termid>4</termid>
<termfrequency>1</termfrequency>
</term>
<term>
<termid>5</termid>
<termfrequency>1</termfrequency>
</term>
</stream>
<stream>
<streamid>2</streamid>
<length>0</length>
<uniquelength>0</uniquelength>
<term>
<termid>1</termid>
<termfrequency>0</termfrequency>
</term>
<term>
<termid>2</termid>
<termfrequency>0</termfrequency>
</term>
<term>
<termid>3</termid>
<termfrequency>0</termfrequency>
</term>
<term>
<termid>4</termid>
<termfrequency>0</termfrequency>
</term>
<term>
<termid>5</termid>
<termfrequency>0</termfrequency>
</term>
</stream>
<stream>
<streamid>3</streamid>
<length>3</length>
<uniquelength>3</uniquelength>
<term>
<termid>1</termid>
<termfrequency>0</termfrequency>
</term>
<term>
<termid>2</termid>
<termfrequency>0</termfrequency>
</term>
<term>
<termid>3</termid>
<termfrequency>0</termfrequency>
</term>
<term>
<termid>4</termid>
<termfrequency>1</termfrequency>
</term>
<term>
<termid>5</termid>
<termfrequency>1</termfrequency>
</term>
</stream>
</doc>
<doc>
<docid>126468</docid>
<label>0</label>
<stream>
<streamid>1</streamid>
<length>5</length>
<uniquelength>5</uniquelength>
<term>
<termid>1</termid>
<termfrequency>0</termfrequency>
</term>
<term>
<termid>2</termid>
<termfrequency>0</termfrequency>
</term>
<term>
<termid>3</termid>
<termfrequency>0</termfrequency>
</term>
<term>
<termid>4</termid>
<termfrequency>1</termfrequency>
</term>
<term>
<termid>5</termid>
<termfrequency>1</termfrequency>
</term>
</stream>
<stream>
<streamid>2</streamid>
<length>0</length>
<uniquelength>0</uniquelength>
<term>
<termid>1</termid>
<termfrequency>0</termfrequency>
</term>
<term>
<termid>2</termid>
<termfrequency>0</termfrequency>
</term>
<term>
<termid>3</termid>
<termfrequency>0</termfrequency>
</term>
<term>
<termid>4</termid>
<termfrequency>0</termfrequency>
</term>
<term>
<termid>5</termid>
<termfrequency>0</termfrequency>
</term>
</stream>
<stream>
<streamid>3</streamid>
<length>5</length>
<uniquelength>5</uniquelength>
<term>
<termid>1</termid>
<termfrequency>0</termfrequency>
</term>
<term>
<termid>2</termid>
<termfrequency>0</termfrequency>
</term>
<term>
<termid>3</termid>
<termfrequency>0</termfrequency>
</term>
<term>
<termid>4</termid>
<termfrequency>1</termfrequency>
</term>
<term>
<termid>5</termid>
<termfrequency>1</termfrequency>
</term>
</stream>
</doc>
<doc>
<docid>4747</docid>
<label>0</label>
<stream>
<streamid>1</streamid>
<length>5</length>
<uniquelength>5</uniquelength>
<term>
<termid>1</termid>
<termfrequency>0</termfrequency>
</term>
<term>
<termid>2</termid>
<termfrequency>0</termfrequency>
</term>
<term>
<termid>3</termid>
<termfrequency>0</termfrequency>
</term>
<term>
<termid>4</termid>
<termfrequency>1</termfrequency>
</term>
<term>
<termid>5</termid>
<termfrequency>1</termfrequency>
</term>
</stream>
<stream>
<streamid>2</streamid>
<length>0</length>
<uniquelength>0</uniquelength>
<term>
<termid>1</termid>
<termfrequency>0</termfrequency>
</term>
<term>
<termid>2</termid>
<termfrequency>0</termfrequency>
</term>
<term>
<termid>3</termid>
<termfrequency>0</termfrequency>
</term>
<term>
<termid>4</termid>
<termfrequency>0</termfrequency>
</term>
<term>
<termid>5</termid>
<termfrequency>0</termfrequency>
</term>
</stream>
<stream>
<streamid>3</streamid>
<length>5</length>
<uniquelength>5</uniquelength>
<term>
<termid>1</termid>
<termfrequency>0</termfrequency>
</term>
<term>
<termid>2</termid>
<termfrequency>0</termfrequency>
</term>
<term>
<termid>3</termid>
<termfrequency>0</termfrequency>
</term>
<term>
<termid>4</termid>
<termfrequency>1</termfrequency>
</term>
<term>
<termid>5</termid>
<termfrequency>1</termfrequency>
</term>
</stream>
</doc>
<doc>
<docid>223</docid>
<label>0</label>
<stream>
<streamid>1</streamid>
<length>6</length>
<uniquelength>6</uniquelength>
<term>
<termid>1</termid>
<termfrequency>0</termfrequency>
</term>
<term>
<termid>2</termid>
<termfrequency>0</termfrequency>
</term>
<term>
<termid>3</termid>
<termfrequency>0</termfrequency>
</term>
<term>
<termid>4</termid>
<termfrequency>1</termfrequency>
</term>
<term>
<termid>5</termid>
<termfrequency>1</termfrequency>
</term>
</stream>
<stream>
<streamid>2</streamid>
<length>0</length>
<uniquelength>0</uniquelength>
<term>
<termid>1</termid>
<termfrequency>0</termfrequency>
</term>
<term>
<termid>2</termid>
<termfrequency>0</termfrequency>
</term>
<term>
<termid>3</termid>
<termfrequency>0</termfrequency>
</term>
<term>
<termid>4</termid>
<termfrequency>0</termfrequency>
</term>
<term>
<termid>5</termid>
<termfrequency>0</termfrequency>
</term>
</stream>
<stream>
<streamid>3</streamid>
<length>6</length>
<uniquelength>6</uniquelength>
<term>
<termid>1</termid>
<termfrequency>0</termfrequency>
</term>
<term>
<termid>2</termid>
<termfrequency>0</termfrequency>
</term>
<term>
<termid>3</termid>
<termfrequency>0</termfrequency>
</term>
<term>
<termid>4</termid>
<termfrequency>1</termfrequency>
</term>
<term>
<termid>5</termid>
<termfrequency>1</termfrequency>
</term>
</stream>
</doc>
<doc>
<docid>313757</docid>
<label>0</label>
<stream>
<streamid>1</streamid>
<length>6</length>
<uniquelength>6</uniquelength>
<term>
<termid>1</termid>
<termfrequency>0</termfrequency>
</term>
<term>
<termid>2</termid>
<termfrequency>0</termfrequency>
</term>
<term>
<termid>3</termid>
<termfrequency>0</termfrequency>
</term>
<term>
<termid>4</termid>
<termfrequency>1</termfrequency>
</term>
<term>
<termid>5</termid>
<termfrequency>1</termfrequency>
</term>
</stream>
<stream>
<streamid>2</streamid>
<length>0</length>
<uniquelength>0</uniquelength>
<term>
<termid>1</termid>
<termfrequency>0</termfrequency>
</term>
<term>
<termid>2</termid>
<termfrequency>0</termfrequency>
</term>
<term>
<termid>3</termid>
<termfrequency>0</termfrequency>
</term>
<term>
<termid>4</termid>
<termfrequency>0</termfrequency>
</term>
<term>
<termid>5</termid>
<termfrequency>0</termfrequency>
</term>
</stream>
<stream>
<streamid>3</streamid>
<length>6</length>
<uniquelength>6</uniquelength>
<term>
<termid>1</termid>
<termfrequency>0</termfrequency>
</term>
<term>
<termid>2</termid>
<termfrequency>0</termfrequency>
</term>
<term>
<termid>3</termid>
<termfrequency>0</termfrequency>
</term>
<term>
<termid>4</termid>
<termfrequency>1</termfrequency>
</term>
<term>
<termid>5</termid>
<termfrequency>1</termfrequency>
</term>
</stream>
</doc>
<doc>
<docid>131017</docid>
<label>0</label>
<stream>
<streamid>1</streamid>
<length>8</length>
<uniquelength>8</uniquelength>
<term>
<termid>1</termid>
<termfrequency>0</termfrequency>
</term>
<term>
<termid>2</termid>
<termfrequency>0</termfrequency>
</term>
<term>
<termid>3</termid>
<termfrequency>0</termfrequency>
</term>
<term>
<termid>4</termid>
<termfrequency>1</termfrequency>
</term>
<term>
<termid>5</termid>
<termfrequency>1</termfrequency>
</term>
</stream>
<stream>
<streamid>2</streamid>
<length>89</length>
<uniquelength>57</uniquelength>
<term>
<termid>1</termid>
<termfrequency>0</termfrequency>
</term>
<term>
<termid>2</termid>
<termfrequency>0</termfrequency>
</term>
<term>
<termid>3</termid>
<termfrequency>6</termfrequency>
</term>
<term>
<termid>4</termid>
<termfrequency>2</termfrequency>
</term>
<term>
<termid>5</termid>
<termfrequency>2</termfrequency>
</term>
</stream>
<stream>
<streamid>3</streamid>
<length>97</length>
<uniquelength>57</uniquelength>
<term>
<termid>1</termid>
<termfrequency>0</termfrequency>
</term>
<term>
<termid>2</termid>
<termfrequency>0</termfrequency>
</term>
<term>
<termid>3</termid>
<termfrequency>6</termfrequency>
</term>
<term>
<termid>4</termid>
<termfrequency>3</termfrequency>
</term>
<term>
<termid>5</termid>
<termfrequency>3</termfrequency>
</term>
</stream>
</doc>
<doc>
<docid>230853</docid>
<label>0</label>
<stream>
<streamid>1</streamid>
<length>6</length>
<uniquelength>6</uniquelength>
<term>
<termid>1</termid>
<termfrequency>0</termfrequency>
</term>
<term>
<termid>2</termid>
<termfrequency>0</termfrequency>
</term>
<term>
<termid>3</termid>
<termfrequency>0</termfrequency>
</term>
<term>
<termid>4</termid>
<termfrequency>1</termfrequency>
</term>
<term>
<termid>5</termid>
<termfrequency>1</termfrequency>
</term>
</stream>
<stream>
<streamid>2</streamid>
<length>110</length>
<uniquelength>70</uniquelength>
<term>
<termid>1</termid>
<termfrequency>0</termfrequency>
</term>
<term>
<termid>2</termid>
<termfrequency>0</termfrequency>
</term>
<term>
<termid>3</termid>
<termfrequency>4</termfrequency>
</term>
<term>
<termid>4</termid>
<termfrequency>2</termfrequency>
</term>
<term>
<termid>5</termid>
<termfrequency>2</termfrequency>
</term>
</stream>
<stream>
<streamid>3</streamid>
<length>116</length>
<uniquelength>70</uniquelength>
<term>
<termid>1</termid>
<termfrequency>0</termfrequency>
</term>
<term>
<termid>2</termid>
<termfrequency>0</termfrequency>
</term>
<term>
<termid>3</termid>
<termfrequency>4</termfrequency>
</term>
<term>
<termid>4</termid>
<termfrequency>3</termfrequency>
</term>
<term>
<termid>5</termid>
<termfrequency>3</termfrequency>
</term>
</stream>
</doc>
<doc>
<docid>237753</docid>
<label>0</label>
<stream>
<streamid>1</streamid>
<length>5</length>
<uniquelength>5</uniquelength>
<term>
<termid>1</termid>
<termfrequency>0</termfrequency>
</term>
<term>
<termid>2</termid>
<termfrequency>0</termfrequency>
</term>
<term>
<termid>3</termid>
<termfrequency>0</termfrequency>
</term>
<term>
<termid>4</termid>
<termfrequency>1</termfrequency>
</term>
<term>
<termid>5</termid>
<termfrequency>0</termfrequency>
</term>
</stream>
<stream>
<streamid>2</streamid>
<length>84</length>
<uniquelength>50</uniquelength>
<term>
<termid>1</termid>
<termfrequency>0</termfrequency>
</term>
<term>
<termid>2</termid>
<termfrequency>0</termfrequency>
</term>
<term>
<termid>3</termid>
<termfrequency>5</termfrequency>
</term>
<term>
<termid>4</termid>
<termfrequency>4</termfrequency>
</term>
<term>
<termid>5</termid>
<termfrequency>0</termfrequency>
</term>
</stream>
<stream>
<streamid>3</streamid>
<length>89</length>
<uniquelength>50</uniquelength>
<term>
<termid>1</termid>
<termfrequency>0</termfrequency>
</term>
<term>
<termid>2</termid>
<termfrequency>0</termfrequency>
</term>
<term>
<termid>3</termid>
<termfrequency>5</termfrequency>
</term>
<term>
<termid>4</termid>
<termfrequency>5</termfrequency>
</term>
<term>
<termid>5</termid>
<termfrequency>0</termfrequency>
</term>
</stream>
</doc>
<doc>
<docid>194816</docid>
<label>0</label>
<stream>
<streamid>1</streamid>
<length>8</length>
<uniquelength>7</uniquelength>
<term>
<termid>1</termid>
<termfrequency>0</termfrequency>
</term>
<term>
<termid>2</termid>
<termfrequency>0</termfrequency>
</term>
<term>
<termid>3</termid>
<termfrequency>2</termfrequency>
</term>
<term>
<termid>4</termid>
<termfrequency>0</termfrequency>
</term>
<term>
<termid>5</termid>
<termfrequency>0</termfrequency>
</term>
</stream>
<stream>
<streamid>2</streamid>
<length>88</length>
<uniquelength>60</uniquelength>
<term>
<termid>1</termid>
<termfrequency>0</termfrequency>
</term>
<term>
<termid>2</termid>
<termfrequency>0</termfrequency>
</term>
<term>
<termid>3</termid>
<termfrequency>6</termfrequency>
</term>
<term>
<termid>4</termid>
<termfrequency>1</termfrequency>
</term>
<term>
<termid>5</termid>
<termfrequency>3</termfrequency>
</term>
</stream>
<stream>
<streamid>3</streamid>
<length>96</length>
<uniquelength>60</uniquelength>
<term>
<termid>1</termid>
<termfrequency>0</termfrequency>
</term>
<term>
<termid>2</termid>
<termfrequency>0</termfrequency>
</term>
<term>
<termid>3</termid>
<termfrequency>8</termfrequency>
</term>
<term>
<termid>4</termid>
<termfrequency>1</termfrequency>
</term>
<term>
<termid>5</termid>
<termfrequency>3</termfrequency>
</term>
</stream>
</doc>
<doc>
<docid>306618</docid>
<label>0</label>
<stream>
<streamid>1</streamid>
<length>12</length>
<uniquelength>12</uniquelength>
<term>
<termid>1</termid>
<termfrequency>0</termfrequency>
</term>
<term>
<termid>2</termid>
<termfrequency>0</termfrequency>
</term>
<term>
<termid>3</termid>
<termfrequency>0</termfrequency>
</term>
<term>
<termid>4</termid>
<termfrequency>0</termfrequency>
</term>
<term>
<termid>5</termid>
<termfrequency>0</termfrequency>
</term>
</stream>
<stream>
<streamid>2</streamid>
<length>66</length>
<uniquelength>59</uniquelength>
<term>
<termid>1</termid>
<termfrequency>0</termfrequency>
</term>
<term>
<termid>2</termid>
<termfrequency>0</termfrequency>
</term>
<term>
<termid>3</termid>
<termfrequency>2</termfrequency>
</term>
<term>
<termid>4</termid>
<termfrequency>1</termfrequency>
</term>
<term>
<termid>5</termid>
<termfrequency>2</termfrequency>
</term>
</stream>
<stream>
<streamid>3</streamid>
<length>78</length>
<uniquelength>60</uniquelength>
<term>
<termid>1</termid>
<termfrequency>0</termfrequency>
</term>
<term>
<termid>2</termid>
<termfrequency>0</termfrequency>
</term>
<term>
<termid>3</termid>
<termfrequency>2</termfrequency>
</term>
<term>
<termid>4</termid>
<termfrequency>1</termfrequency>
</term>
<term>
<termid>5</termid>
<termfrequency>2</termfrequency>
</term>
</stream>
</doc>
<doc>
<docid>131839</docid>
<label>0</label>
<stream>
<streamid>1</streamid>
<length>6</length>
<uniquelength>6</uniquelength>
<term>
<termid>1</termid>
<termfrequency>0</termfrequency>
</term>
<term>
<termid>2</termid>
<termfrequency>0</termfrequency>
</term>
<term>
<termid>3</termid>
<termfrequency>0</termfrequency>
</term>
<term>
<termid>4</termid>
<termfrequency>1</termfrequency>
</term>
<term>
<termid>5</termid>
<termfrequency>0</termfrequency>
</term>
</stream>
<stream>
<streamid>2</streamid>
<length>21</length>
<uniquelength>18</uniquelength>
<term>
<termid>1</termid>
<termfrequency>0</termfrequency>
</term>
<term>
<termid>2</termid>
<termfrequency>0</termfrequency>
</term>
<term>
<termid>3</termid>
<termfrequency>0</termfrequency>
</term>
<term>
<termid>4</termid>
<termfrequency>1</termfrequency>
</term>
<term>
<termid>5</termid>
<termfrequency>0</termfrequency>
</term>
</stream>
<stream>
<streamid>3</streamid>
<length>27</length>
<uniquelength>20</uniquelength>
<term>
<termid>1</termid>
<termfrequency>0</termfrequency>
</term>
<term>
<termid>2</termid>
<termfrequency>0</termfrequency>
</term>
<term>
<termid>3</termid>
<termfrequency>0</termfrequency>
</term>
<term>
<termid>4</termid>
<termfrequency>2</termfrequency>
</term>
<term>
<termid>5</termid>
<termfrequency>0</termfrequency>
</term>
</stream>
</doc>
<doc>
<docid>296684</docid>
<label>0</label>
<stream>
<streamid>1</streamid>
<length>8</length>
<uniquelength>8</uniquelength>
<term>
<termid>1</termid>
<termfrequency>0</termfrequency>
</term>
<term>
<termid>2</termid>
<termfrequency>0</termfrequency>
</term>
<term>
<termid>3</termid>
<termfrequency>0</termfrequency>
</term>
<term>
<termid>4</termid>
<termfrequency>0</termfrequency>
</term>
<term>
<termid>5</termid>
<termfrequency>0</termfrequency>
</term>
</stream>
<stream>
<streamid>2</streamid>
<length>154</length>
<uniquelength>71</uniquelength>
<term>
<termid>1</termid>
<termfrequency>0</termfrequency>
</term>
<term>
<termid>2</termid>
<termfrequency>0</termfrequency>
</term>
<term>
<termid>3</termid>
<termfrequency>8</termfrequency>
</term>
<term>
<termid>4</termid>
<termfrequency>2</termfrequency>
</term>
<term>
<termid>5</termid>
<termfrequency>2</termfrequency>
</term>
</stream>
<stream>
<streamid>3</streamid>
<length>162</length>
<uniquelength>73</uniquelength>
<term>
<termid>1</termid>
<termfrequency>0</termfrequency>
</term>
<term>
<termid>2</termid>
<termfrequency>0</termfrequency>
</term>
<term>
<termid>3</termid>
<termfrequency>8</termfrequency>
</term>
<term>
<termid>4</termid>
<termfrequency>2</termfrequency>
</term>
<term>
<termid>5</termid>
<termfrequency>2</termfrequency>
</term>
</stream>
</doc>
<doc>
<docid>162306</docid>
<label>0</label>
<stream>
<streamid>1</streamid>
<length>10</length>
<uniquelength>9</uniquelength>
<term>
<termid>1</termid>
<termfrequency>0</termfrequency>
</term>
<term>
<termid>2</termid>
<termfrequency>0</termfrequency>
</term>
<term>
<termid>3</termid>
<termfrequency>0</termfrequency>
</term>
<term>
<termid>4</termid>
<termfrequency>0</termfrequency>
</term>
<term>
<termid>5</termid>
<termfrequency>0</termfrequency>
</term>
</stream>
<stream>
<streamid>2</streamid>
<length>111</length>
<uniquelength>66</uniquelength>
<term>
<termid>1</termid>
<termfrequency>0</termfrequency>
</term>
<term>
<termid>2</termid>
<termfrequency>5</termfrequency>
</term>
<term>
<termid>3</termid>
<termfrequency>4</termfrequency>
</term>
<term>
<termid>4</termid>
<termfrequency>0</termfrequency>
</term>
<term>
<termid>5</termid>
<termfrequency>9</termfrequency>
</term>
</stream>
<stream>
<streamid>3</streamid>
<length>121</length>
<uniquelength>66</uniquelength>
<term>
<termid>1</termid>
<termfrequency>0</termfrequency>
</term>
<term>
<termid>2</termid>
<termfrequency>5</termfrequency>
</term>
<term>
<termid>3</termid>
<termfrequency>4</termfrequency>
</term>
<term>
<termid>4</termid>
<termfrequency>0</termfrequency>
</term>
<term>
<termid>5</termid>
<termfrequency>9</termfrequency>
</term>
</stream>
</doc>
<doc>
<docid>85465</docid>
<label>0</label>
<stream>
<streamid>1</streamid>
<length>12</length>
<uniquelength>12</uniquelength>
<term>
<termid>1</termid>
<termfrequency>0</termfrequency>
</term>
<term>
<termid>2</termid>
<termfrequency>0</termfrequency>
</term>
<term>
<termid>3</termid>
<termfrequency>0</termfrequency>
</term>
<term>
<termid>4</termid>
<termfrequency>0</termfrequency>
</term>
<term>
<termid>5</termid>
<termfrequency>1</termfrequency>
</term>
</stream>
<stream>
<streamid>2</streamid>
<length>127</length>
<uniquelength>78</uniquelength>
<term>
<termid>1</termid>
<termfrequency>0</termfrequency>
</term>
<term>
<termid>2</termid>
<termfrequency>0</termfrequency>
</term>
<term>
<termid>3</termid>
<termfrequency>13</termfrequency>
</term>
<term>
<termid>4</termid>
<termfrequency>1</termfrequency>
</term>
<term>
<termid>5</termid>
<termfrequency>4</termfrequency>
</term>
</stream>
<stream>
<streamid>3</streamid>
<length>139</length>
<uniquelength>80</uniquelength>
<term>
<termid>1</termid>
<termfrequency>0</termfrequency>
</term>
<term>
<termid>2</termid>
<termfrequency>0</termfrequency>
</term>
<term>
<termid>3</termid>
<termfrequency>13</termfrequency>
</term>
<term>
<termid>4</termid>
<termfrequency>1</termfrequency>
</term>
<term>
<termid>5</termid>
<termfrequency>5</termfrequency>
</term>
</stream>
</doc>
<doc>
<docid>100630</docid>
<label>0</label>
<stream>
<streamid>1</streamid>
<length>5</length>
<uniquelength>5</uniquelength>
<term>
<termid>1</termid>
<termfrequency>0</termfrequency>
</term>
<term>
<termid>2</termid>
<termfrequency>0</termfrequency>
</term>
<term>
<termid>3</termid>
<termfrequency>0</termfrequency>
</term>
<term>
<termid>4</termid>
<termfrequency>0</termfrequency>
</term>
<term>
<termid>5</termid>
<termfrequency>0</termfrequency>
</term>
</stream>
<stream>
<streamid>2</streamid>
<length>55</length>
<uniquelength>40</uniquelength>
<term>
<termid>1</termid>
<termfrequency>0</termfrequency>
</term>
<term>
<termid>2</termid>
<termfrequency>0</termfrequency>
</term>
<term>
<termid>3</termid>
<termfrequency>0</termfrequency>
</term>
<term>
<termid>4</termid>
<termfrequency>1</termfrequency>
</term>
<term>
<termid>5</termid>
<termfrequency>1</termfrequency>
</term>
</stream>
<stream>
<streamid>3</streamid>
<length>60</length>
<uniquelength>41</uniquelength>
<term>
<termid>1</termid>
<termfrequency>0</termfrequency>
</term>
<term>
<termid>2</termid>
<termfrequency>0</termfrequency>
</term>
<term>
<termid>3</termid>
<termfrequency>0</termfrequency>
</term>
<term>
<termid>4</termid>
<termfrequency>1</termfrequency>
</term>
<term>
<termid>5</termid>
<termfrequency>1</termfrequency>
</term>
</stream>
</doc>
<doc>
<docid>18047</docid>
<label>0</label>
<stream>
<streamid>1</streamid>
<length>6</length>
<uniquelength>6</uniquelength>
<term>
<termid>1</termid>
<termfrequency>0</termfrequency>
</term>
<term>
<termid>2</termid>
<termfrequency>1</termfrequency>
</term>
<term>
<termid>3</termid>
<termfrequency>0</termfrequency>
</term>
<term>
<termid>4</termid>
<termfrequency>0</termfrequency>
</term>
<term>
<termid>5</termid>
<termfrequency>1</termfrequency>
</term>
</stream>
<stream>
<streamid>2</streamid>
<length>25</length>
<uniquelength>18</uniquelength>
<term>
<termid>1</termid>
<termfrequency>0</termfrequency>
</term>
<term>
<termid>2</termid>
<termfrequency>2</termfrequency>
</term>
<term>
<termid>3</termid>
<termfrequency>0</termfrequency>
</term>
<term>
<termid>4</termid>
<termfrequency>0</termfrequency>
</term>
<term>
<termid>5</termid>
<termfrequency>3</termfrequency>
</term>
</stream>
<stream>
<streamid>3</streamid>
<length>31</length>
<uniquelength>19</uniquelength>
<term>
<termid>1</termid>
<termfrequency>0</termfrequency>
</term>
<term>
<termid>2</termid>
<termfrequency>3</termfrequency>
</term>
<term>
<termid>3</termid>
<termfrequency>0</termfrequency>
</term>
<term>
<termid>4</termid>
<termfrequency>0</termfrequency>
</term>
<term>
<termid>5</termid>
<termfrequency>4</termfrequency>
</term>
</stream>
</doc>
<doc>
<docid>202417</docid>
<label>0</label>
<stream>
<streamid>1</streamid>
<length>10</length>
<uniquelength>10</uniquelength>
<term>
<termid>1</termid>
<termfrequency>0</termfrequency>
</term>
<term>
<termid>2</termid>
<termfrequency>0</termfrequency>
</term>
<term>
<termid>3</termid>
<termfrequency>0</termfrequency>
</term>
<term>
<termid>4</termid>
<termfrequency>1</termfrequency>
</term>
<term>
<termid>5</termid>
<termfrequency>0</termfrequency>
</term>
</stream>
<stream>
<streamid>2</streamid>
<length>97</length>
<uniquelength>59</uniquelength>
<term>
<termid>1</termid>
<termfrequency>0</termfrequency>
</term>
<term>
<termid>2</termid>
<termfrequency>0</termfrequency>
</term>
<term>
<termid>3</termid>
<termfrequency>0</termfrequency>
</term>
<term>
<termid>4</termid>
<termfrequency>3</termfrequency>
</term>
<term>
<termid>5</termid>
<termfrequency>0</termfrequency>
</term>
</stream>
<stream>
<streamid>3</streamid>
<length>107</length>
<uniquelength>61</uniquelength>
<term>
<termid>1</termid>
<termfrequency>0</termfrequency>
</term>
<term>
<termid>2</termid>
<termfrequency>0</termfrequency>
</term>
<term>
<termid>3</termid>
<termfrequency>0</termfrequency>
</term>
<term>
<termid>4</termid>
<termfrequency>4</termfrequency>
</term>
<term>
<termid>5</termid>
<termfrequency>0</termfrequency>
</term>
</stream>
</doc>
<doc>
<docid>180500</docid>
<label>0</label>
<stream>
<streamid>1</streamid>
<length>6</length>
<uniquelength>6</uniquelength>
<term>
<termid>1</termid>
<termfrequency>0</termfrequency>
</term>
<term>
<termid>2</termid>
<termfrequency>0</termfrequency>
</term>
<term>
<termid>3</termid>
<termfrequency>0</termfrequency>
</term>
<term>
<termid>4</termid>
<termfrequency>0</termfrequency>
</term>
<term>
<termid>5</termid>
<termfrequency>0</termfrequency>
</term>
</stream>
<stream>
<streamid>2</streamid>
<length>126</length>
<uniquelength>84</uniquelength>
<term>
<termid>1</termid>
<termfrequency>0</termfrequency>
</term>
<term>
<termid>2</termid>
<termfrequency>0</termfrequency>
</term>
<term>
<termid>3</termid>
<termfrequency>16</termfrequency>
</term>
<term>
<termid>4</termid>
<termfrequency>1</termfrequency>
</term>
<term>
<termid>5</termid>
<termfrequency>3</termfrequency>
</term>
</stream>
<stream>
<streamid>3</streamid>
<length>132</length>
<uniquelength>87</uniquelength>
<term>
<termid>1</termid>
<termfrequency>0</termfrequency>
</term>
<term>
<termid>2</termid>
<termfrequency>0</termfrequency>
</term>
<term>
<termid>3</termid>
<termfrequency>16</termfrequency>
</term>
<term>
<termid>4</termid>
<termfrequency>1</termfrequency>
</term>
<term>
<termid>5</termid>
<termfrequency>3</termfrequency>
</term>
</stream>
</doc>
<doc>
<docid>277261</docid>
<label>0</label>
<stream>
<streamid>1</streamid>
<length>6</length>
<uniquelength>6</uniquelength>
<term>
<termid>1</termid>
<termfrequency>0</termfrequency>
</term>
<term>
<termid>2</termid>
<termfrequency>0</termfrequency>
</term>
<term>
<termid>3</termid>
<termfrequency>0</termfrequency>
</term>
<term>
<termid>4</termid>
<termfrequency>0</termfrequency>
</term>
<term>
<termid>5</termid>
<termfrequency>0</termfrequency>
</term>
</stream>
<stream>
<streamid>2</streamid>
<length>105</length>
<uniquelength>76</uniquelength>
<term>
<termid>1</termid>
<termfrequency>0</termfrequency>
</term>
<term>
<termid>2</termid>
<termfrequency>0</termfrequency>
</term>
<term>
<termid>3</termid>
<termfrequency>1</termfrequency>
</term>
<term>
<termid>4</termid>
<termfrequency>1</termfrequency>
</term>
<term>
<termid>5</termid>
<termfrequency>2</termfrequency>
</term>
</stream>
<stream>
<streamid>3</streamid>
<length>111</length>
<uniquelength>79</uniquelength>
<term>
<termid>1</termid>
<termfrequency>0</termfrequency>
</term>
<term>
<termid>2</termid>
<termfrequency>0</termfrequency>
</term>
<term>
<termid>3</termid>
<termfrequency>1</termfrequency>
</term>
<term>
<termid>4</termid>
<termfrequency>1</termfrequency>
</term>
<term>
<termid>5</termid>
<termfrequency>2</termfrequency>
</term>
</stream>
</doc>
<doc>
<docid>263637</docid>
<label>0</label>
<stream>
<streamid>1</streamid>
<length>11</length>
<uniquelength>10</uniquelength>
<term>
<termid>1</termid>
<termfrequency>0</termfrequency>
</term>
<term>
<termid>2</termid>
<termfrequency>0</termfrequency>
</term>
<term>
<termid>3</termid>
<termfrequency>0</termfrequency>
</term>
<term>
<termid>4</termid>
<termfrequency>0</termfrequency>
</term>
<term>
<termid>5</termid>
<termfrequency>0</termfrequency>
</term>
</stream>
<stream>
<streamid>2</streamid>
<length>86</length>
<uniquelength>62</uniquelength>
<term>
<termid>1</termid>
<termfrequency>0</termfrequency>
</term>
<term>
<termid>2</termid>
<termfrequency>0</termfrequency>
</term>
<term>
<termid>3</termid>
<termfrequency>4</termfrequency>
</term>
<term>
<termid>4</termid>
<termfrequency>1</termfrequency>
</term>
<term>
<termid>5</termid>
<termfrequency>1</termfrequency>
</term>
</stream>
<stream>
<streamid>3</streamid>
<length>97</length>
<uniquelength>63</uniquelength>
<term>
<termid>1</termid>
<termfrequency>0</termfrequency>
</term>
<term>
<termid>2</termid>
<termfrequency>0</termfrequency>
</term>
<term>
<termid>3</termid>
<termfrequency>4</termfrequency>
</term>
<term>
<termid>4</termid>
<termfrequency>1</termfrequency>
</term>
<term>
<termid>5</termid>
<termfrequency>1</termfrequency>
</term>
</stream>
</doc>
<doc>
<docid>191086</docid>
<label>0</label>
<stream>
<streamid>1</streamid>
<length>6</length>
<uniquelength>6</uniquelength>
<term>
<termid>1</termid>
<termfrequency>0</termfrequency>
</term>
<term>
<termid>2</termid>
<termfrequency>0</termfrequency>
</term>
<term>
<termid>3</termid>
<termfrequency>0</termfrequency>
</term>
<term>
<termid>4</termid>
<termfrequency>0</termfrequency>
</term>
<term>
<termid>5</termid>
<termfrequency>0</termfrequency>
</term>
</stream>
<stream>
<streamid>2</streamid>
<length>80</length>
<uniquelength>50</uniquelength>
<term>
<termid>1</termid>
<termfrequency>0</termfrequency>
</term>
<term>
<termid>2</termid>
<termfrequency>0</termfrequency>
</term>
<term>
<termid>3</termid>
<termfrequency>1</termfrequency>
</term>
<term>
<termid>4</termid>
<termfrequency>2</termfrequency>
</term>
<term>
<termid>5</termid>
<termfrequency>0</termfrequency>
</term>
</stream>
<stream>
<streamid>3</streamid>
<length>86</length>
<uniquelength>52</uniquelength>
<term>
<termid>1</termid>
<termfrequency>0</termfrequency>
</term>
<term>
<termid>2</termid>
<termfrequency>0</termfrequency>
</term>
<term>
<termid>3</termid>
<termfrequency>1</termfrequency>
</term>
<term>
<termid>4</termid>
<termfrequency>2</termfrequency>
</term>
<term>
<termid>5</termid>
<termfrequency>0</termfrequency>
</term>
</stream>
</doc>
<doc>
<docid>337116</docid>
<label>0</label>
<stream>
<streamid>1</streamid>
<length>9</length>
<uniquelength>9</uniquelength>
<term>
<termid>1</termid>
<termfrequency>0</termfrequency>
</term>
<term>
<termid>2</termid>
<termfrequency>0</termfrequency>
</term>
<term>
<termid>3</termid>
<termfrequency>0</termfrequency>
</term>
<term>
<termid>4</termid>
<termfrequency>0</termfrequency>
</term>
<term>
<termid>5</termid>
<termfrequency>0</termfrequency>
</term>
</stream>
<stream>
<streamid>2</streamid>
<length>134</length>
<uniquelength>90</uniquelength>
<term>
<termid>1</termid>
<termfrequency>0</termfrequency>
</term>
<term>
<termid>2</termid>
<termfrequency>0</termfrequency>
</term>
<term>
<termid>3</termid>
<termfrequency>3</termfrequency>
</term>
<term>
<termid>4</termid>
<termfrequency>1</termfrequency>
</term>
<term>
<termid>5</termid>
<termfrequency>1</termfrequency>
</term>
</stream>
<stream>
<streamid>3</streamid>
<length>143</length>
<uniquelength>91</uniquelength>
<term>
<termid>1</termid>
<termfrequency>0</termfrequency>
</term>
<term>
<termid>2</termid>
<termfrequency>0</termfrequency>
</term>
<term>
<termid>3</termid>
<termfrequency>3</termfrequency>
</term>
<term>
<termid>4</termid>
<termfrequency>1</termfrequency>
</term>
<term>
<termid>5</termid>
<termfrequency>1</termfrequency>
</term>
</stream>
</doc>
<doc>
<docid>335865</docid>
<label>0</label>
<stream>
<streamid>1</streamid>
<length>11</length>
<uniquelength>10</uniquelength>
<term>
<termid>1</termid>
<termfrequency>0</termfrequency>
</term>
<term>
<termid>2</termid>
<termfrequency>1</termfrequency>
</term>
<term>
<termid>3</termid>
<termfrequency>0</termfrequency>
</term>
<term>
<termid>4</termid>
<termfrequency>0</termfrequency>
</term>
<term>
<termid>5</termid>
<termfrequency>0</termfrequency>
</term>
</stream>
<stream>
<streamid>2</streamid>
<length>51</length>
<uniquelength>40</uniquelength>
<term>
<termid>1</termid>
<termfrequency>0</termfrequency>
</term>
<term>
<termid>2</termid>
<termfrequency>2</termfrequency>
</term>
<term>
<termid>3</termid>
<termfrequency>0</termfrequency>
</term>
<term>
<termid>4</termid>
<termfrequency>0</termfrequency>
</term>
<term>
<termid>5</termid>
<termfrequency>1</termfrequency>
</term>
</stream>
<stream>
<streamid>3</streamid>
<length>62</length>
<uniquelength>40</uniquelength>
<term>
<termid>1</termid>
<termfrequency>0</termfrequency>
</term>
<term>
<termid>2</termid>
<termfrequency>3</termfrequency>
</term>
<term>
<termid>3</termid>
<termfrequency>0</termfrequency>
</term>
<term>
<termid>4</termid>
<termfrequency>0</termfrequency>
</term>
<term>
<termid>5</termid>
<termfrequency>1</termfrequency>
</term>
</stream>
</doc>
<doc>
<docid>132083</docid>
<label>0</label>
<stream>
<streamid>1</streamid>
<length>8</length>
<uniquelength>8</uniquelength>
<term>
<termid>1</termid>
<termfrequency>0</termfrequency>
</term>
<term>
<termid>2</termid>
<termfrequency>1</termfrequency>
</term>
<term>
<termid>3</termid>
<termfrequency>0</termfrequency>
</term>
<term>
<termid>4</termid>
<termfrequency>0</termfrequency>
</term>
<term>
<termid>5</termid>
<termfrequency>0</termfrequency>
</term>
</stream>
<stream>
<streamid>2</streamid>
<length>98</length>
<uniquelength>81</uniquelength>
<term>
<termid>1</termid>
<termfrequency>0</termfrequency>
</term>
<term>
<termid>2</termid>
<termfrequency>1</termfrequency>
</term>
<term>
<termid>3</termid>
<termfrequency>2</termfrequency>
</term>
<term>
<termid>4</termid>
<termfrequency>0</termfrequency>
</term>
<term>
<termid>5</termid>
<termfrequency>1</termfrequency>
</term>
</stream>
<stream>
<streamid>3</streamid>
<length>106</length>
<uniquelength>82</uniquelength>
<term>
<termid>1</termid>
<termfrequency>0</termfrequency>
</term>
<term>
<termid>2</termid>
<termfrequency>2</termfrequency>
</term>
<term>
<termid>3</termid>
<termfrequency>2</termfrequency>
</term>
<term>
<termid>4</termid>
<termfrequency>0</termfrequency>
</term>
<term>
<termid>5</termid>
<termfrequency>1</termfrequency>
</term>
</stream>
</doc>
<doc>
<docid>76585</docid>
<label>0</label>
<stream>
<streamid>1</streamid>
<length>9</length>
<uniquelength>9</uniquelength>
<term>
<termid>1</termid>
<termfrequency>0</termfrequency>
</term>
<term>
<termid>2</termid>
<termfrequency>0</termfrequency>
</term>
<term>
<termid>3</termid>
<termfrequency>0</termfrequency>
</term>
<term>
<termid>4</termid>
<termfrequency>0</termfrequency>
</term>
<term>
<termid>5</termid>
<termfrequency>0</termfrequency>
</term>
</stream>
<stream>
<streamid>2</streamid>
<length>75</length>
<uniquelength>63</uniquelength>
<term>
<termid>1</termid>
<termfrequency>0</termfrequency>
</term>
<term>
<termid>2</termid>
<termfrequency>0</termfrequency>
</term>
<term>
<termid>3</termid>
<termfrequency>0</termfrequency>
</term>
<term>
<termid>4</termid>
<termfrequency>1</termfrequency>
</term>
<term>
<termid>5</termid>
<termfrequency>0</termfrequency>
</term>
</stream>
<stream>
<streamid>3</streamid>
<length>84</length>
<uniquelength>64</uniquelength>
<term>
<termid>1</termid>
<termfrequency>0</termfrequency>
</term>
<term>
<termid>2</termid>
<termfrequency>0</termfrequency>
</term>
<term>
<termid>3</termid>
<termfrequency>0</termfrequency>
</term>
<term>
<termid>4</termid>
<termfrequency>1</termfrequency>
</term>
<term>
<termid>5</termid>
<termfrequency>0</termfrequency>
</term>
</stream>
</doc>
<doc>
<docid>99641</docid>
<label>0</label>
<stream>
<streamid>1</streamid>
<length>7</length>
<uniquelength>7</uniquelength>
<term>
<termid>1</termid>
<termfrequency>0</termfrequency>
</term>
<term>
<termid>2</termid>
<termfrequency>0</termfrequency>
</term>
<term>
<termid>3</termid>
<termfrequency>0</termfrequency>
</term>
<term>
<termid>4</termid>
<termfrequency>0</termfrequency>
</term>
<term>
<termid>5</termid>
<termfrequency>0</termfrequency>
</term>
</stream>
<stream>
<streamid>2</streamid>
<length>124</length>
<uniquelength>96</uniquelength>
<term>
<termid>1</termid>
<termfrequency>0</termfrequency>
</term>
<term>
<termid>2</termid>
<termfrequency>1</termfrequency>
</term>
<term>
<termid>3</termid>
<termfrequency>9</termfrequency>
</term>
<term>
<termid>4</termid>
<termfrequency>0</termfrequency>
</term>
<term>
<termid>5</termid>
<termfrequency>1</termfrequency>
</term>
</stream>
<stream>
<streamid>3</streamid>
<length>131</length>
<uniquelength>97</uniquelength>
<term>
<termid>1</termid>
<termfrequency>0</termfrequency>
</term>
<term>
<termid>2</termid>
<termfrequency>1</termfrequency>
</term>
<term>
<termid>3</termid>
<termfrequency>9</termfrequency>
</term>
<term>
<termid>4</termid>
<termfrequency>0</termfrequency>
</term>
<term>
<termid>5</termid>
<termfrequency>1</termfrequency>
</term>
</stream>
</doc>
<doc>
<docid>194646</docid>
<label>0</label>
<stream>
<streamid>1</streamid>
<length>7</length>
<uniquelength>6</uniquelength>
<term>
<termid>1</termid>
<termfrequency>0</termfrequency>
</term>
<term>
<termid>2</termid>
<termfrequency>1</termfrequency>
</term>
<term>
<termid>3</termid>
<termfrequency>0</termfrequency>
</term>
<term>
<termid>4</termid>
<termfrequency>0</termfrequency>
</term>
<term>
<termid>5</termid>
<termfrequency>0</termfrequency>
</term>
</stream>
<stream>
<streamid>2</streamid>
<length>0</length>
<uniquelength>0</uniquelength>
<term>
<termid>1</termid>
<termfrequency>0</termfrequency>
</term>
<term>
<termid>2</termid>
<termfrequency>0</termfrequency>
</term>
<term>
<termid>3</termid>
<termfrequency>0</termfrequency>
</term>
<term>
<termid>4</termid>
<termfrequency>0</termfrequency>
</term>
<term>
<termid>5</termid>
<termfrequency>0</termfrequency>
</term>
</stream>
<stream>
<streamid>3</streamid>
<length>7</length>
<uniquelength>6</uniquelength>
<term>
<termid>1</termid>
<termfrequency>0</termfrequency>
</term>
<term>
<termid>2</termid>
<termfrequency>1</termfrequency>
</term>
<term>
<termid>3</termid>
<termfrequency>0</termfrequency>
</term>
<term>
<termid>4</termid>
<termfrequency>0</termfrequency>
</term>
<term>
<termid>5</termid>
<termfrequency>0</termfrequency>
</term>
</stream>
</doc>
<doc>
<docid>152887</docid>
<label>0</label>
<stream>
<streamid>1</streamid>
<length>11</length>
<uniquelength>11</uniquelength>
<term>
<termid>1</termid>
<termfrequency>0</termfrequency>
</term>
<term>
<termid>2</termid>
<termfrequency>0</termfrequency>
</term>
<term>
<termid>3</termid>
<termfrequency>0</termfrequency>
</term>
<term>
<termid>4</termid>
<termfrequency>0</termfrequency>
</term>
<term>
<termid>5</termid>
<termfrequency>0</termfrequency>
</term>
</stream>
<stream>
<streamid>2</streamid>
<length>117</length>
<uniquelength>82</uniquelength>
<term>
<termid>1</termid>
<termfrequency>1</termfrequency>
</term>
<term>
<termid>2</termid>
<termfrequency>0</termfrequency>
</term>
<term>
<termid>3</termid>
<termfrequency>0</termfrequency>
</term>
<term>
<termid>4</termid>
<termfrequency>0</termfrequency>
</term>
<term>
<termid>5</termid>
<termfrequency>0</termfrequency>
</term>
</stream>
<stream>
<streamid>3</streamid>
<length>128</length>
<uniquelength>88</uniquelength>
<term>
<termid>1</termid>
<termfrequency>1</termfrequency>
</term>
<term>
<termid>2</termid>
<termfrequency>0</termfrequency>
</term>
<term>
<termid>3</termid>
<termfrequency>0</termfrequency>
</term>
<term>
<termid>4</termid>
<termfrequency>0</termfrequency>
</term>
<term>
<termid>5</termid>
<termfrequency>0</termfrequency>
</term>
</stream>
</doc>
<doc>
<docid>269161</docid>
<label>0</label>
<stream>
<streamid>1</streamid>
<length>3</length>
<uniquelength>3</uniquelength>
<term>
<termid>1</termid>
<termfrequency>0</termfrequency>
</term>
<term>
<termid>2</termid>
<termfrequency>0</termfrequency>
</term>
<term>
<termid>3</termid>
<termfrequency>0</termfrequency>
</term>
<term>
<termid>4</termid>
<termfrequency>0</termfrequency>
</term>
<term>
<termid>5</termid>
<termfrequency>0</termfrequency>
</term>
</stream>
<stream>
<streamid>2</streamid>
<length>0</length>
<uniquelength>0</uniquelength>
<term>
<termid>1</termid>
<termfrequency>0</termfrequency>
</term>
<term>
<termid>2</termid>
<termfrequency>0</termfrequency>
</term>
<term>
<termid>3</termid>
<termfrequency>0</termfrequency>
</term>
<term>
<termid>4</termid>
<termfrequency>0</termfrequency>
</term>
<term>
<termid>5</termid>
<termfrequency>0</termfrequency>
</term>
</stream>
<stream>
<streamid>3</streamid>
<length>3</length>
<uniquelength>3</uniquelength>
<term>
<termid>1</termid>
<termfrequency>0</termfrequency>
</term>
<term>
<termid>2</termid>
<termfrequency>0</termfrequency>
</term>
<term>
<termid>3</termid>
<termfrequency>0</termfrequency>
</term>
<term>
<termid>4</termid>
<termfrequency>0</termfrequency>
</term>
<term>
<termid>5</termid>
<termfrequency>0</termfrequency>
</term>
</stream>
</doc>
<doc>
<docid>139492</docid>
<label>0</label>
<stream>
<streamid>1</streamid>
<length>7</length>
<uniquelength>7</uniquelength>
<term>
<termid>1</termid>
<termfrequency>0</termfrequency>
</term>
<term>
<termid>2</termid>
<termfrequency>0</termfrequency>
</term>
<term>
<termid>3</termid>
<termfrequency>0</termfrequency>
</term>
<term>
<termid>4</termid>
<termfrequency>0</termfrequency>
</term>
<term>
<termid>5</termid>
<termfrequency>0</termfrequency>
</term>
</stream>
<stream>
<streamid>2</streamid>
<length>0</length>
<uniquelength>0</uniquelength>
<term>
<termid>1</termid>
<termfrequency>0</termfrequency>
</term>
<term>
<termid>2</termid>
<termfrequency>0</termfrequency>
</term>
<term>
<termid>3</termid>
<termfrequency>0</termfrequency>
</term>
<term>
<termid>4</termid>
<termfrequency>0</termfrequency>
</term>
<term>
<termid>5</termid>
<termfrequency>0</termfrequency>
</term>
</stream>
<stream>
<streamid>3</streamid>
<length>7</length>
<uniquelength>7</uniquelength>
<term>
<termid>1</termid>
<termfrequency>0</termfrequency>
</term>
<term>
<termid>2</termid>
<termfrequency>0</termfrequency>
</term>
<term>
<termid>3</termid>
<termfrequency>0</termfrequency>
</term>
<term>
<termid>4</termid>
<termfrequency>0</termfrequency>
</term>
<term>
<termid>5</termid>
<termfrequency>0</termfrequency>
</term>
</stream>
</doc>
<doc>
<docid>341303</docid>
<label>0</label>
<stream>
<streamid>1</streamid>
<length>10</length>
<uniquelength>10</uniquelength>
<term>
<termid>1</termid>
<termfrequency>0</termfrequency>
</term>
<term>
<termid>2</termid>
<termfrequency>0</termfrequency>
</term>
<term>
<termid>3</termid>
<termfrequency>0</termfrequency>
</term>
<term>
<termid>4</termid>
<termfrequency>0</termfrequency>
</term>
<term>
<termid>5</termid>
<termfrequency>0</termfrequency>
</term>
</stream>
<stream>
<streamid>2</streamid>
<length>56</length>
<uniquelength>34</uniquelength>
<term>
<termid>1</termid>
<termfrequency>0</termfrequency>
</term>
<term>
<termid>2</termid>
<termfrequency>0</termfrequency>
</term>
<term>
<termid>3</termid>
<termfrequency>0</termfrequency>
</term>
<term>
<termid>4</termid>
<termfrequency>0</termfrequency>
</term>
<term>
<termid>5</termid>
<termfrequency>0</termfrequency>
</term>
</stream>
<stream>
<streamid>3</streamid>
<length>66</length>
<uniquelength>34</uniquelength>
<term>
<termid>1</termid>
<termfrequency>0</termfrequency>
</term>
<term>
<termid>2</termid>
<termfrequency>0</termfrequency>
</term>
<term>
<termid>3</termid>
<termfrequency>0</termfrequency>
</term>
<term>
<termid>4</termid>
<termfrequency>0</termfrequency>
</term>
<term>
<termid>5</termid>
<termfrequency>0</termfrequency>
</term>
</stream>
</doc>
</docinfo>
</query>
