<?xml version="1.0" encoding="utf-8"?>
<query>
<id>42</id>
<streaminfo>
<stream>
<streamid>1</streamid>
<streamspecificquerylength>3</streamspecificquerylength>
</stream>
<stream>
<streamid>2</streamid>
<streamspecificquerylength>3</streamspecificquerylength>
</stream>
<stream>
<streamid>3</streamid>
<streamspecificquerylength>3</streamspecificquerylength>
</stream>
</streaminfo>
<terminfo>
<termnum>3</termnum>
<term>
<termid>1</termid>
<word>keratoconu</word>
<stream>
<streamid>1</streamid>
<streamfrequency>41</streamfrequency>
<streamtermfrequency>42</streamtermfrequency>
</stream>
<stream>
<streamid>2</streamid>
<streamfrequency>64</streamfrequency>
<streamtermfrequency>143</streamtermfrequency>
</stream>
<stream>
<streamid>3</streamid>
<streamfrequency>74</streamfrequency>
<streamtermfrequency>185</streamtermfrequency>
</stream>
</term>
<term>
<termid>2</termid>
<word>treatment</word>
<stream>
<streamid>1</streamid>
<streamfrequency>13670</streamfrequency>
<streamtermfrequency>13782</streamtermfrequency>
</stream>
<stream>
<streamid>2</streamid>
<streamfrequency>42163</streamfrequency>
<streamtermfrequency>73201</streamtermfrequency>
</stream>
<stream>
<streamid>3</streamid>
<streamfrequency>48692</streamfrequency>
<streamtermfrequency>86983</streamtermfrequency>
</stream>
</term>
<term>
<termid>3</termid>
<word>option</word>
<stream>
<streamid>1</streamid>
<streamfrequency>227</streamfrequency>
<streamtermfrequency>227</streamtermfrequency>
</stream>
<stream>
<streamid>2</streamid>
<streamfrequency>1251</streamfrequency>
<streamtermfrequency>1374</streamtermfrequency>
</stream>
<stream>
<streamid>3</streamid>
<streamfrequency>1433</streamfrequency>
<streamtermfrequency>1601</streamtermfrequency>
</stream>
</term>
</terminfo>
<docinfo>
<docnum>80</docnum>
<doc>
<docid>207627</docid>
<label>1</label>
<stream>
<streamid>1</streamid>
<length>3</length>
<uniquelength>3</uniquelength>
<term>
<termid>1</termid>
<termfrequency>1</termfrequency>
</term>
<term>
<termid>2</termid>
<termfrequency>0</termfrequency>
</term>
<term>
<termid>3</termid>
<termfrequency>0</termfrequency>
</term>
</stream>
<stream>
<streamid>2</streamid>
<length>67</length>
<uniquelength>49</uniquelength>
<term>
<termid>1</termid>
<termfrequency>8</termfrequency>
</term>
<term>
<termid>2</termid>
<termfrequency>0</termfrequency>
</term>
<term>
<termid>3</termid>
<termfrequency>0</termfrequency>
</term>
</stream>
<stream>
<streamid>3</streamid>
<length>70</length>
<uniquelength>50</uniquelength>
<term>
<termid>1</termid>
<termfrequency>9</termfrequency>
</term>
<term>
<termid>2</termid>
<termfrequency>0</termfrequency>
</term>
<term>
<termid>3</termid>
<termfrequency>0</termfrequency>
</term>
</stream>
</doc>
<doc>
<docid>307925</docid>
<label>0</label>
<stream>
<streamid>1</streamid>
<length>8</length>
<uniquelength>8</uniquelength>
<term>
<termid>1</termid>
<termfrequency>1</termfrequency>
</term>
<term>
<termid>2</termid>
<termfrequency>0</termfrequency>
</term>
<term>
<termid>3</termid>
<termfrequency>0</termfrequency>
</term>
</stream>
<stream>
<streamid>2</streamid>
<length>86</length>
<uniquelength>62</uniquelength>
<term>
<termid>1</termid>
<termfrequency>7</termfrequency>
</term>
<term>
<termid>2</termid>
<termfrequency>0</termfrequency>
</term>
<term>
<termid>3</termid>
<termfrequency>0</termfrequency>
</term>
</stream>
<stream>
<streamid>3</streamid>
<length>94</length>
<uniquelength>65</uniquelength>
<term>
<termid>1</termid>
<termfrequency>8</termfrequency>
</term>
<term>
<termid>2</termid>
<termfrequency>0</termfrequency>
</term>
<term>
<termid>3</termid>
<termfrequency>0</termfrequency>
</term>
</stream>
</doc>
<doc>
<docid>226465</docid>
<label>0</label>
<stream>
<streamid>1</streamid>
<length>7</length>
<uniquelength>7</uniquelength>
<term>
<termid>1</termid>
<termfrequency>1</termfrequency>
</term>
<term>
<termid>2</termid>
<termfrequency>0</termfrequency>
</term>
<term>
<termid>3</termid>
<termfrequency>0</termfrequency>
</term>
</stream>
<stream>
<streamid>2</streamid>
<length>74</length>
<uniquelength>48</uniquelength>
<term>
<termid>1</termid>
<termfrequency>6</termfrequency>
</term>
<term>
<termid>2</termid>
<termfrequency>0</termfrequency>
</term>
<term>
<termid>3</termid>
<termfrequency>0</termfrequency>
</term>
</stream>
<stream>
<streamid>3</streamid>
<length>81</length>
<uniquelength>49</uniquelength>
<term>
<termid>1</termid>
<termfrequency>7</termfrequency>
</term>
<term>
<termid>2</termid>
<termfrequency>0</termfrequency>
</term>
<term>
<termid>3</termid>
<termfrequency>0</termfrequency>
</term>
</stream>
</doc>
<doc>
<docid>193644</docid>
<label>2</label>
<stream>
<streamid>1</streamid>
<length>4</length>
<uniquelength>4</uniquelength>
<term>
<termid>1</termid>
<termfrequency>1</termfrequency>
</term>
<term>
<termid>2</termid>
<termfrequency>1</termfrequency>
</term>
<term>
<termid>3</termid>
<termfrequency>0</termfrequency>
</term>
</stream>
<stream>
<streamid>2</streamid>
<length>91</length>
<uniquelength>70</uniquelength>
<term>
<termid>1</termid>
<termfrequency>3</termfrequency>
</term>
<term>
<termid>2</termid>
<termfrequency>0</termfrequency>
</term>
<term>
<termid>3</termid>
<termfrequency>0</termfrequency>
</term>
</stream>
<stream>
<streamid>3</streamid>
<length>95</length>
<uniquelength>72</uniquelength>
<term>
<termid>1</termid>
<termfrequency>4</termfrequency>
</term>
<term>
<termid>2</termid>
<termfrequency>1</termfrequency>
</term>
<term>
<termid>3</termid>
<termfrequency>0</termfrequency>
</term>
</stream>
</doc>
<doc>
<docid>19188</docid>
<label>0</label>
<stream>
<streamid>1</streamid>
<length>4</length>
<uniquelength>4</uniquelength>
<term>
<termid>1</termid>
<termfrequency>1</termfrequency>
</term>
<term>
<termid>2</termid>
<termfrequency>0</termfrequency>
</term>
<term>
<termid>3</termid>
<termfrequency>0</termfrequency>
</term>
</stream>
<stream>
<streamid>2</streamid>
<length>98</length>
<uniquelength>67</uniquelength>
<term>
<termid>1</termid>
<termfrequency>6</termfrequency>
</term>
<term>
<termid>2</termid>
<termfrequency>0</termfrequency>
</term>
<term>
<termid>3</termid>
<termfrequency>0</termfrequency>
</term>
</stream>
<stream>
<streamid>3</streamid>
<length>102</length>
<uniquelength>69</uniquelength>
<term>
<termid>1</termid>
<termfrequency>7</termfrequency>
</term>
<term>
<termid>2</termid>
<termfrequency>0</termfrequency>
</term>
<term>
<termid>3</termid>
<termfrequency>0</termfrequency>
</term>
</stream>
</doc>
<doc>
<docid>222200</docid>
<label>0</label>
<stream>
<streamid>1</streamid>
<length>8</length>
<uniquelength>8</uniquelength>
<term>
<termid>1</termid>
<termfrequency>1</termfrequency>
</term>
<term>
<termid>2</termid>
<termfrequency>0</termfrequency>
</term>
<term>
<termid>3</termid>
<termfrequency>0</termfrequency>
</term>
</stream>
<stream>
<streamid>2</streamid>
<length>77</length>
<uniquelength>55</uniquelength>
<term>
<termid>1</termid>
<termfrequency>5</termfrequency>
</term>
<term>
<termid>2</termid>
<termfrequency>0</termfrequency>
</term>
<term>
<termid>3</termid>
<termfrequency>0</termfrequency>
</term>
</stream>
<stream>
<streamid>3</streamid>
<length>85</length>
<uniquelength>57</uniquelength>
<term>
<termid>1</termid>
<termfrequency>6</termfrequency>
</term>
<term>
<termid>2</termid>
<termfrequency>0</termfrequency>
</term>
<term>
<termid>3</termid>
<termfrequency>0</termfrequency>
</term>
</stream>
</doc>
<doc>
<docid>187612</docid>
<label>0</label>
<stream>
<streamid>1</streamid>
<length>6</length>
<uniquelength>6</uniquelength>
<term>
<termid>1</termid>
<termfrequency>1</termfrequency>
</term>
<term>
<termid>2</termid>
<termfrequency>0</termfrequency>
</term>
<term>
<termid>3</termid>
<termfrequency>0</termfrequency>
</term>
</stream>
<stream>
<streamid>2</streamid>
<length>86</length>
<uniquelength>53</uniquelength>
<term>
<termid>1</termid>
<termfrequency>5</termfrequency>
</term>
<term>
<termid>2</termid>
<termfrequency>0</termfrequency>
</term>
<term>
<termid>3</termid>
<termfrequency>0</termfrequency>
</term>
</stream>
<stream>
<streamid>3</streamid>
<length>92</length>
<uniquelength>54</uniquelength>
<term>
<termid>1</termid>
<termfrequency>6</termfrequency>
</term>
<term>
<termid>2</termid>
<termfrequency>0</termfrequency>
</term>
<term>
<termid>3</termid>
<termfrequency>0</termfrequency>
</term>
</stream>
</doc>
<doc>
<docid>193649</docid>
<label>2</label>
<stream>
<streamid>1</streamid>
<length>8</length>
<uniquelength>7</uniquelength>
<term>
<termid>1</termid>
<termfrequency>2</termfrequency>
</term>
<term>
<termid>2</termid>
<termfrequency>0</termfrequency>
</term>
<term>
<termid>3</termid>
<termfrequency>0</termfrequency>
</term>
</stream>
<stream>
<streamid>2</streamid>
<length>68</length>
<uniquelength>52</uniquelength>
<term>
<termid>1</termid>
<termfrequency>3</termfrequency>
</term>
<term>
<termid>2</termid>
<termfrequency>0</termfrequency>
</term>
<term>
<termid>3</termid>
<termfrequency>0</termfrequency>
</term>
</stream>
<stream>
<streamid>3</streamid>
<length>76</length>
<uniquelength>55</uniquelength>
<term>
<termid>1</termid>
<termfrequency>5</termfrequency>
</term>
<term>
<termid>2</termid>
<termfrequency>0</termfrequency>
</term>
<term>
<termid>3</termid>
<termfrequency>0</termfrequency>
</term>
</stream>
</doc>
<doc>
<docid>1870</docid>
<label>0</label>
<stream>
<streamid>1</streamid>
<length>4</length>
<uniquelength>4</uniquelength>
<term>
<termid>1</termid>
<termfrequency>1</termfrequency>
</term>
<term>
<termid>2</termid>
<termfrequency>0</termfrequency>
</term>
<term>
<termid>3</termid>
<termfrequency>0</termfrequency>
</term>
</stream>
<stream>
<streamid>2</streamid>
<length>33</length>
<uniquelength>27</uniquelength>
<term>
<termid>1</termid>
<termfrequency>2</termfrequency>
</term>
<term>
<termid>2</termid>
<termfrequency>0</termfrequency>
</term>
<term>
<termid>3</termid>
<termfrequency>0</termfrequency>
</term>
</stream>
<stream>
<streamid>3</streamid>
<length>37</length>
<uniquelength>27</uniquelength>
<term>
<termid>1</termid>
<termfrequency>3</termfrequency>
</term>
<term>
<termid>2</termid>
<termfrequency>0</termfrequency>
</term>
<term>
<termid>3</termid>
<termfrequency>0</termfrequency>
</term>
</stream>
</doc>
<doc>
<docid>203779</docid>
<label>0</label>
<stream>
<streamid>1</streamid>
<length>4</length>
<uniquelength>4</uniquelength>
<term>
<termid>1</termid>
<termfrequency>1</termfrequency>
</term>
<term>
<termid>2</termid>
<termfrequency>0</termfrequency>
</term>
<term>
<termid>3</termid>
<termfrequency>0</termfrequency>
</term>
</stream>
<stream>
<streamid>2</streamid>
<length>77</length>
<uniquelength>49</uniquelength>
<term>
<termid>1</termid>
<termfrequency>4</termfrequency>
</term>
<term>
<termid>2</termid>
<termfrequency>0</termfrequency>
</term>
<term>
<termid>3</termid>
<termfrequency>0</termfrequency>
</term>
</stream>
<stream>
<streamid>3</streamid>
<length>81</length>
<uniquelength>49</uniquelength>
<term>
<termid>1</termid>
<termfrequency>5</termfrequency>
</term>
<term>
<termid>2</termid>
<termfrequency>0</termfrequency>
</term>
<term>
<termid>3</termid>
<termfrequency>0</termfrequency>
</term>
</stream>
</doc>
<doc>
<docid>142500</docid>
<label>1</label>
<stream>
<streamid>1</streamid>
<length>9</length>
<uniquelength>9</uniquelength>
<term>
<termid>1</termid>
<termfrequency>1</termfrequency>
</term>
<term>
<termid>2</termid>
<termfrequency>0</termfrequency>
</term>
<term>
<termid>3</termid>
<termfrequency>0</termfrequency>
</term>
</stream>
<stream>
<streamid>2</streamid>
<length>118</length>
<uniquelength>65</uniquelength>
<term>
<termid>1</termid>
<termfrequency>6</termfrequency>
</term>
<term>
<termid>2</termid>
<termfrequency>0</termfrequency>
</term>
<term>
<termid>3</termid>
<termfrequency>0</termfrequency>
</term>
</stream>
<stream>
<streamid>3</streamid>
<length>127</length>
<uniquelength>65</uniquelength>
<term>
<termid>1</termid>
<termfrequency>7</termfrequency>
</term>
<term>
<termid>2</termid>
<termfrequency>0</termfrequency>
</term>
<term>
<termid>3</termid>
<termfrequency>0</termfrequency>
</term>
</stream>
</doc>
<doc>
<docid>127708</docid>
<label>0</label>
<stream>
<streamid>1</streamid>
<length>5</length>
<uniquelength>5</uniquelength>
<term>
<termid>1</termid>
<termfrequency>1</termfrequency>
</term>
<term>
<termid>2</termid>
<termfrequency>0</termfrequency>
</term>
<term>
<termid>3</termid>
<termfrequency>0</termfrequency>
</term>
</stream>
<stream>
<streamid>2</streamid>
<length>61</length>
<uniquelength>46</uniquelength>
<term>
<termid>1</termid>
<termfrequency>3</termfrequency>
</term>
<term>
<termid>2</termid>
<termfrequency>0</termfrequency>
</term>
<term>
<termid>3</termid>
<termfrequency>0</termfrequency>
</term>
</stream>
<stream>
<streamid>3</streamid>
<length>66</length>
<uniquelength>47</uniquelength>
<term>
<termid>1</termid>
<termfrequency>4</termfrequency>
</term>
<term>
<termid>2</termid>
<termfrequency>0</termfrequency>
</term>
<term>
<termid>3</termid>
<termfrequency>0</termfrequency>
</term>
</stream>
</doc>
<doc>
<docid>239616</docid>
<label>0</label>
<stream>
<streamid>1</streamid>
<length>7</length>
<uniquelength>7</uniquelength>
<term>
<termid>1</termid>
<termfrequency>1</termfrequency>
</term>
<term>
<termid>2</termid>
<termfrequency>0</termfrequency>
</term>
<term>
<termid>3</termid>
<termfrequency>0</termfrequency>
</term>
</stream>
<stream>
<streamid>2</streamid>
<length>82</length>
<uniquelength>54</uniquelength>
<term>
<termid>1</termid>
<termfrequency>4</termfrequency>
</term>
<term>
<termid>2</termid>
<termfrequency>0</termfrequency>
</term>
<term>
<termid>3</termid>
<termfrequency>0</termfrequency>
</term>
</stream>
<stream>
<streamid>3</streamid>
<length>89</length>
<uniquelength>54</uniquelength>
<term>
<termid>1</termid>
<termfrequency>5</termfrequency>
</term>
<term>
<termid>2</termid>
<termfrequency>0</termfrequency>
</term>
<term>
<termid>3</termid>
<termfrequency>0</termfrequency>
</term>
</stream>
</doc>
<doc>
<docid>109080</docid>
<label>0</label>
<stream>
<streamid>1</streamid>
<length>4</length>
<uniquelength>4</uniquelength>
<term>
<termid>1</termid>
<termfrequency>1</termfrequency>
</term>
<term>
<termid>2</termid>
<termfrequency>0</termfrequency>
</term>
<term>
<termid>3</termid>
<termfrequency>0</termfrequency>
</term>
</stream>
<stream>
<streamid>2</streamid>
<length>64</length>
<uniquelength>52</uniquelength>
<term>
<termid>1</termid>
<termfrequency>3</termfrequency>
</term>
<term>
<termid>2</termid>
<termfrequency>0</termfrequency>
</term>
<term>
<termid>3</termid>
<termfrequency>0</termfrequency>
</term>
</stream>
<stream>
<streamid>3</streamid>
<length>68</length>
<uniquelength>53</uniquelength>
<term>
<termid>1</termid>
<termfrequency>4</termfrequency>
</term>
<term>
<termid>2</termid>
<termfrequency>0</termfrequency>
</term>
<term>
<termid>3</termid>
<termfrequency>0</termfrequency>
</term>
</stream>
</doc>
<doc>
<docid>287529</docid>
<label>1</label>
<stream>
<streamid>1</streamid>
<length>7</length>
<uniquelength>7</uniquelength>
<term>
<termid>1</termid>
<termfrequency>1</termfrequency>
</term>
<term>
<termid>2</termid>
<termfrequency>0</termfrequency>
</term>
<term>
<termid>3</termid>
<termfrequency>0</termfrequency>
</term>
</stream>
<stream>
<streamid>2</streamid>
<length>21</length>
<uniquelength>19</uniquelength>
<term>
<termid>1</termid>
<termfrequency>1</termfrequency>
</term>
<term>
<termid>2</termid>
<termfrequency>0</termfrequency>
</term>
<term>
<termid>3</termid>
<termfrequency>0</termfrequency>
</term>
</stream>
<stream>
<streamid>3</streamid>
<length>28</length>
<uniquelength>21</uniquelength>
<term>
<termid>1</termid>
<termfrequency>2</termfrequency>
</term>
<term>
<termid>2</termid>
<termfrequency>0</termfrequency>
</term>
<term>
<termid>3</termid>
<termfrequency>0</termfrequency>
</term>
</stream>
</doc>
<doc>
<docid>74668</docid>
<label>1</label>
<stream>
<streamid>1</streamid>
<length>2</length>
<uniquelength>2</uniquelength>
<term>
<termid>1</termid>
<termfrequency>1</termfrequency>
</term>
<term>
<termid>2</termid>
<termfrequency>0</termfrequency>
</term>
<term>
<termid>3</termid>
<termfrequency>0</termfrequency>
</term>
</stream>
<stream>
<streamid>2</streamid>
<length>0</length>
<uniquelength>0</uniquelength>
<term>
<termid>1</termid>
<termfrequency>0</termfrequency>
</term>
<term>
<termid>2</termid>
<termfrequency>0</termfrequency>
</term>
<term>
<termid>3</termid>
<termfrequency>0</termfrequency>
</term>
</stream>
<stream>
<streamid>3</streamid>
<length>2</length>
<uniquelength>2</uniquelength>
<term>
<termid>1</termid>
<termfrequency>1</termfrequency>
</term>
<term>
<termid>2</termid>
<termfrequency>0</termfrequency>
</term>
<term>
<termid>3</termid>
<termfrequency>0</termfrequency>
</term>
</stream>
</doc>
<doc>
<docid>217451</docid>
<label>0</label>
<stream>
<streamid>1</streamid>
<length>4</length>
<uniquelength>4</uniquelength>
<term>
<termid>1</termid>
<termfrequency>0</termfrequency>
</term>
<term>
<termid>2</termid>
<termfrequency>0</termfrequency>
</term>
<term>
<termid>3</termid>
<termfrequency>0</termfrequency>
</term>
</stream>
<stream>
<streamid>2</streamid>
<length>55</length>
<uniquelength>36</uniquelength>
<term>
<termid>1</termid>
<termfrequency>3</termfrequency>
</term>
<term>
<termid>2</termid>
<termfrequency>0</termfrequency>
</term>
<term>
<termid>3</termid>
<termfrequency>0</termfrequency>
</term>
</stream>
<stream>
<streamid>3</streamid>
<length>59</length>
<uniquelength>36</uniquelength>
<term>
<termid>1</termid>
<termfrequency>3</termfrequency>
</term>
<term>
<termid>2</termid>
<termfrequency>0</termfrequency>
</term>
<term>
<termid>3</termid>
<termfrequency>0</termfrequency>
</term>
</stream>
</doc>
<doc>
<docid>187294</docid>
<label>0</label>
<stream>
<streamid>1</streamid>
<length>3</length>
<uniquelength>3</uniquelength>
<term>
<termid>1</termid>
<termfrequency>1</termfrequency>
</term>
<term>
<termid>2</termid>
<termfrequency>0</termfrequency>
</term>
<term>
<termid>3</termid>
<termfrequency>0</termfrequency>
</term>
</stream>
<stream>
<streamid>2</streamid>
<length>0</length>
<uniquelength>0</uniquelength>
<term>
<termid>1</termid>
<termfrequency>0</termfrequency>
</term>
<term>
<termid>2</termid>
<termfrequency>0</termfrequency>
</term>
<term>
<termid>3</termid>
<termfrequency>0</termfrequency>
</term>
</stream>
<stream>
<streamid>3</streamid>
<length>3</length>
<uniquelength>3</uniquelength>
<term>
<termid>1</termid>
<termfrequency>1</termfrequency>
</term>
<term>
<termid>2</termid>
<termfrequency>0</termfrequency>
</term>
<term>
<termid>3</termid>
<termfrequency>0</termfrequency>
</term>
</stream>
</doc>
<doc>
<docid>132167</docid>
<label>0</label>
<stream>
<streamid>1</streamid>
<length>3</length>
<uniquelength>3</uniquelength>
<term>
<termid>1</termid>
<termfrequency>1</termfrequency>
</term>
<term>
<termid>2</termid>
<termfrequency>0</termfrequency>
</term>
<term>
<termid>3</termid>
<termfrequency>0</termfrequency>
</term>
</stream>
<stream>
<streamid>2</streamid>
<length>0</length>
<uniquelength>0</uniquelength>
<term>
<termid>1</termid>
<termfrequency>0</termfrequency>
</term>
<term>
<termid>2</termid>
<termfrequency>0</termfrequency>
</term>
<term>
<termid>3</termid>
<termfrequency>0</termfrequency>
</term>
</stream>
<stream>
<streamid>3</streamid>
<length>3</length>
<uniquelength>3</uniquelength>
<term>
<termid>1</termid>
<termfrequency>1</termfrequency>
</term>
<term>
<termid>2</termid>
<termfrequency>0</termfrequency>
</term>
<term>
<termid>3</termid>
<termfrequency>0</termfrequency>
</term>
</stream>
</doc>
<doc>
<docid>116875</docid>
<label>2</label>
<stream>
<streamid>1</streamid>
<length>4</length>
<uniquelength>4</uniquelength>
<term>
<termid>1</termid>
<termfrequency>1</termfrequency>
</term>
<term>
<termid>2</termid>
<termfrequency>0</termfrequency>
</term>
<term>
<termid>3</termid>
<termfrequency>0</termfrequency>
</term>
</stream>
<stream>
<streamid>2</streamid>
<length>57</length>
<uniquelength>35</uniquelength>
<term>
<termid>1</termid>
<termfrequency>2</termfrequency>
</term>
<term>
<termid>2</termid>
<termfrequency>0</termfrequency>
</term>
<term>
<termid>3</termid>
<termfrequency>0</termfrequency>
</term>
</stream>
<stream>
<streamid>3</streamid>
<length>61</length>
<uniquelength>35</uniquelength>
<term>
<termid>1</termid>
<termfrequency>3</termfrequency>
</term>
<term>
<termid>2</termid>
<termfrequency>0</termfrequency>
</term>
<term>
<termid>3</termid>
<termfrequency>0</termfrequency>
</term>
</stream>
</doc>
<doc>
<docid>69063</docid>
<label>0</label>
<stream>
<streamid>1</streamid>
<length>2</length>
<uniquelength>2</uniquelength>
<term>
<termid>1</termid>
<termfrequency>0</termfrequency>
</term>
<term>
<termid>2</termid>
<termfrequency>0</termfrequency>
</term>
<term>
<termid>3</termid>
<termfrequency>0</termfrequency>
</term>
</stream>
<stream>
<streamid>2</streamid>
<length>26</length>
<uniquelength>21</uniquelength>
<term>
<termid>1</termid>
<termfrequency>1</termfrequency>
</term>
<term>
<termid>2</termid>
<termfrequency>1</termfrequency>
</term>
<term>
<termid>3</termid>
<termfrequency>0</termfrequency>
</term>
</stream>
<stream>
<streamid>3</streamid>
<length>28</length>
<uniquelength>23</uniquelength>
<term>
<termid>1</termid>
<termfrequency>1</termfrequency>
</term>
<term>
<termid>2</termid>
<termfrequency>1</termfrequency>
</term>
<term>
<termid>3</termid>
<termfrequency>0</termfrequency>
</term>
</stream>
</doc>
<doc>
<docid>25971</docid>
<label>0</label>
<stream>
<streamid>1</streamid>
<length>4</length>
<uniquelength>4</uniquelength>
<term>
<termid>1</termid>
<termfrequency>1</termfrequency>
</term>
<term>
<termid>2</termid>
<termfrequency>0</termfrequency>
</term>
<term>
<termid>3</termid>
<termfrequency>0</termfrequency>
</term>
</stream>
<stream>
<streamid>2</streamid>
<length>59</length>
<uniquelength>48</uniquelength>
<term>
<termid>1</termid>
<termfrequency>2</termfrequency>
</term>
<term>
<termid>2</termid>
<termfrequency>0</termfrequency>
</term>
<term>
<termid>3</termid>
<termfrequency>0</termfrequency>
</term>
</stream>
<stream>
<streamid>3</streamid>
<length>63</length>
<uniquelength>49</uniquelength>
<term>
<termid>1</termid>
<termfrequency>3</termfrequency>
</term>
<term>
<termid>2</termid>
<termfrequency>0</termfrequency>
</term>
<term>
<termid>3</termid>
<termfrequency>0</termfrequency>
</term>
</stream>
</doc>
<doc>
<docid>218056</docid>
<label>2</label>
<stream>
<streamid>1</streamid>
<length>4</length>
<uniquelength>4</uniquelength>
<term>
<termid>1</termid>
<termfrequency>1</termfrequency>
</term>
<term>
<termid>2</termid>
<termfrequency>0</termfrequency>
</term>
<term>
<termid>3</termid>
<termfrequency>0</termfrequency>
</term>
</stream>
<stream>
<streamid>2</streamid>
<length>61</length>
<uniquelength>45</uniquelength>
<term>
<termid>1</termid>
<termfrequency>2</termfrequency>
</term>
<term>
<termid>2</termid>
<termfrequency>0</termfrequency>
</term>
<term>
<termid>3</termid>
<termfrequency>0</termfrequency>
</term>
</stream>
<stream>
<streamid>3</streamid>
<length>65</length>
<uniquelength>45</uniquelength>
<term>
<termid>1</termid>
<termfrequency>3</termfrequency>
</term>
<term>
<termid>2</termid>
<termfrequency>0</termfrequency>
</term>
<term>
<termid>3</termid>
<termfrequency>0</termfrequency>
</term>
</stream>
</doc>
<doc>
<docid>319562</docid>
<label>0</label>
<stream>
<streamid>1</streamid>
<length>5</length>
<uniquelength>5</uniquelength>
<term>
<termid>1</termid>
<termfrequency>1</termfrequency>
</term>
<term>
<termid>2</termid>
<termfrequency>0</termfrequency>
</term>
<term>
<termid>3</termid>
<termfrequency>0</termfrequency>
</term>
</stream>
<stream>
<streamid>2</streamid>
<length>0</length>
<uniquelength>0</uniquelength>
<term>
<termid>1</termid>
<termfrequency>0</termfrequency>
</term>
<term>
<termid>2</termid>
<termfrequency>0</termfrequency>
</term>
<term>
<termid>3</termid>
<termfrequency>0</termfrequency>
</term>
</stream>
<stream>
<streamid>3</streamid>
<length>5</length>
<uniquelength>5</uniquelength>
<term>
<termid>1</termid>
<termfrequency>1</termfrequency>
</term>
<term>
<termid>2</termid>
<termfrequency>0</termfrequency>
</term>
<term>
<termid>3</termid>
<termfrequency>0</termfrequency>
</term>
</stream>
</doc>
<doc>
<docid>206928</docid>
<label>0</label>
<stream>
<streamid>1</streamid>
<length>6</length>
<uniquelength>6</uniquelength>
<term>
<termid>1</termid>
<termfrequency>1</termfrequency>
</term>
<term>
<termid>2</termid>
<termfrequency>0</termfrequency>
</term>
<term>
<termid>3</termid>
<termfrequency>0</termfrequency>
</term>
</stream>
<stream>
<streamid>2</streamid>
<length>0</length>
<uniquelength>0</uniquelength>
<term>
<termid>1</termid>
<termfrequency>0</termfrequency>
</term>
<term>
<termid>2</termid>
<termfrequency>0</termfrequency>
</term>
<term>
<termid>3</termid>
<termfrequency>0</termfrequency>
</term>
</stream>
<stream>
<streamid>3</streamid>
<length>6</length>
<uniquelength>6</uniquelength>
<term>
<termid>1</termid>
<termfrequency>1</termfrequency>
</term>
<term>
<termid>2</termid>
<termfrequency>0</termfrequency>
</term>
<term>
<termid>3</termid>
<termfrequency>0</termfrequency>
</term>
</stream>
</doc>
<doc>
<docid>211003</docid>
<label>0</label>
<stream>
<streamid>1</streamid>
<length>6</length>
<uniquelength>6</uniquelength>
<term>
<termid>1</termid>
<termfrequency>1</termfrequency>
</term>
<term>
<termid>2</termid>
<termfrequency>0</termfrequency>
</term>
<term>
<termid>3</termid>
<termfrequency>0</termfrequency>
</term>
</stream>
<stream>
<streamid>2</streamid>
<length>0</length>
<uniquelength>0</uniquelength>
<term>
<termid>1</termid>
<termfrequency>0</termfrequency>
</term>
<term>
<termid>2</termid>
<termfrequency>0</termfrequency>
</term>
<term>
<termid>3</termid>
<termfrequency>0</termfrequency>
</term>
</stream>
<stream>
<streamid>3</streamid>
<length>6</length>
<uniquelength>6</uniquelength>
<term>
<termid>1</termid>
<termfrequency>1</termfrequency>
</term>
<term>
<termid>2</termid>
<termfrequency>0</termfrequency>
</term>
<term>
<termid>3</termid>
<termfrequency>0</termfrequency>
</term>
</stream>
</doc>
<doc>
<docid>42676</docid>
<label>2</label>
<stream>
<streamid>1</streamid>
<length>7</length>
<uniquelength>7</uniquelength>
<term>
<termid>1</termid>
<termfrequency>1</termfrequency>
</term>
<term>
<termid>2</termid>
<termfrequency>0</termfrequency>
</term>
<term>
<termid>3</termid>
<termfrequency>0</termfrequency>
</term>
</stream>
<stream>
<streamid>2</streamid>
<length>0</length>
<uniquelength>0</uniquelength>
<term>
<termid>1</termid>
<termfrequency>0</termfrequency>
</term>
<term>
<termid>2</termid>
<termfrequency>0</termfrequency>
</term>
<term>
<termid>3</termid>
<termfrequency>0</termfrequency>
</term>
</stream>
<stream>
<streamid>3</streamid>
<length>7</length>
<uniquelength>7</uniquelength>
<term>
<termid>1</termid>
<termfrequency>1</termfrequency>
</term>
<term>
<termid>2</termid>
<termfrequency>0</termfrequency>
</term>
<term>
<termid>3</termid>
<termfrequency>0</termfrequency>
</term>
</stream>
</doc>
<doc>
<docid>126030</docid>
<label>0</label>
<stream>
<streamid>1</streamid>
<length>7</length>
<uniquelength>7</uniquelength>
<term>
<termid>1</termid>
<termfrequency>1</termfrequency>
</term>
<term>
<termid>2</termid>
<termfrequency>0</termfrequency>
</term>
<term>
<termid>3</termid>
<termfrequency>0</termfrequency>
</term>
</stream>
<stream>
<streamid>2</streamid>
<length>0</length>
<uniquelength>0</uniquelength>
<term>
<termid>1</termid>
<termfrequency>0</termfrequency>
</term>
<term>
<termid>2</termid>
<termfrequency>0</termfrequency>
</term>
<term>
<termid>3</termid>
<termfrequency>0</termfrequency>
</term>
</stream>
<stream>
<streamid>3</streamid>
<length>7</length>
<uniquelength>7</uniquelength>
<term>
<termid>1</termid>
<termfrequency>1</termfrequency>
</term>
<term>
<termid>2</termid>
<termfrequency>0</termfrequency>
</term>
<term>
<termid>3</termid>
<termfrequency>0</termfrequency>
</term>
</stream>
</doc>
<doc>
<docid>337678</docid>
<label>1</label>
<stream>
<streamid>1</streamid>
<length>8</length>
<uniquelength>8</uniquelength>
<term>
<termid>1</termid>
<termfrequency>1</termfrequency>
</term>
<term>
<termid>2</termid>
<termfrequency>0</termfrequency>
</term>
<term>
<termid>3</termid>
<termfrequency>0</termfrequency>
</term>
</stream>
<stream>
<streamid>2</streamid>
<length>0</length>
<uniquelength>0</uniquelength>
<term>
<termid>1</termid>
<termfrequency>0</termfrequency>
</term>
<term>
<termid>2</termid>
<termfrequency>0</termfrequency>
</term>
<term>
<termid>3</termid>
<termfrequency>0</termfrequency>
</term>
</stream>
<stream>
<streamid>3</streamid>
<length>8</length>
<uniquelength>8</uniquelength>
<term>
<termid>1</termid>
<termfrequency>1</termfrequency>
</term>
<term>
<termid>2</termid>
<termfrequency>0</termfrequency>
</term>
<term>
<termid>3</termid>
<termfrequency>0</termfrequency>
</term>
</stream>
</doc>
<doc>
<docid>193660</docid>
<label>2</label>
<stream>
<streamid>1</streamid>
<length>4</length>
<uniquelength>4</uniquelength>
<term>
<termid>1</termid>
<termfrequency>1</termfrequency>
</term>
<term>
<termid>2</termid>
<termfrequency>0</termfrequency>
</term>
<term>
<termid>3</termid>
<termfrequency>0</termfrequency>
</term>
</stream>
<stream>
<streamid>2</streamid>
<length>107</length>
<uniquelength>58</uniquelength>
<term>
<termid>1</termid>
<termfrequency>3</termfrequency>
</term>
<term>
<termid>2</termid>
<termfrequency>0</termfrequency>
</term>
<term>
<termid>3</termid>
<termfrequency>0</termfrequency>
</term>
</stream>
<stream>
<streamid>3</streamid>
<length>111</length>
<uniquelength>58</uniquelength>
<term>
<termid>1</termid>
<termfrequency>4</termfrequency>
</term>
<term>
<termid>2</termid>
<termfrequency>0</termfrequency>
</term>
<term>
<termid>3</termid>
<termfrequency>0</termfrequency>
</term>
</stream>
</doc>
<doc>
<docid>110945</docid>
<label>2</label>
<stream>
<streamid>1</streamid>
<length>7</length>
<uniquelength>7</uniquelength>
<term>
<termid>1</termid>
<termfrequency>1</termfrequency>
</term>
<term>
<termid>2</termid>
<termfrequency>0</termfrequency>
</term>
<term>
<termid>3</termid>
<termfrequency>0</termfrequency>
</term>
</stream>
<stream>
<streamid>2</streamid>
<length>83</length>
<uniquelength>60</uniquelength>
<term>
<termid>1</termid>
<termfrequency>2</termfrequency>
</term>
<term>
<termid>2</termid>
<termfrequency>0</termfrequency>
</term>
<term>
<termid>3</termid>
<termfrequency>0</termfrequency>
</term>
</stream>
<stream>
<streamid>3</streamid>
<length>90</length>
<uniquelength>61</uniquelength>
<term>
<termid>1</termid>
<termfrequency>3</termfrequency>
</term>
<term>
<termid>2</termid>
<termfrequency>0</termfrequency>
</term>
<term>
<termid>3</termid>
<termfrequency>0</termfrequency>
</term>
</stream>
</doc>
<doc>
<docid>202534</docid>
<label>2</label>
<stream>
<streamid>1</streamid>
<length>7</length>
<uniquelength>7</uniquelength>
<term>
<termid>1</termid>
<termfrequency>1</termfrequency>
</term>
<term>
<termid>2</termid>
<termfrequency>0</termfrequency>
</term>
<term>
<termid>3</termid>
<termfrequency>0</termfrequency>
</term>
</stream>
<stream>
<streamid>2</streamid>
<length>93</length>
<uniquelength>56</uniquelength>
<term>
<termid>1</termid>
<termfrequency>2</termfrequency>
</term>
<term>
<termid>2</termid>
<termfrequency>0</termfrequency>
</term>
<term>
<termid>3</termid>
<termfrequency>0</termfrequency>
</term>
</stream>
<stream>
<streamid>3</streamid>
<length>100</length>
<uniquelength>56</uniquelength>
<term>
<termid>1</termid>
<termfrequency>3</termfrequency>
</term>
<term>
<termid>2</termid>
<termfrequency>0</termfrequency>
</term>
<term>
<termid>3</termid>
<termfrequency>0</termfrequency>
</term>
</stream>
</doc>
<doc>
<docid>337683</docid>
<label>0</label>
<stream>
<streamid>1</streamid>
<length>7</length>
<uniquelength>7</uniquelength>
<term>
<termid>1</termid>
<termfrequency>1</termfrequency>
</term>
<term>
<termid>2</termid>
<termfrequency>0</termfrequency>
</term>
<term>
<termid>3</termid>
<termfrequency>0</termfrequency>
</term>
</stream>
<stream>
<streamid>2</streamid>
<length>95</length>
<uniquelength>64</uniquelength>
<term>
<termid>1</termid>
<termfrequency>2</termfrequency>
</term>
<term>
<termid>2</termid>
<termfrequency>0</termfrequency>
</term>
<term>
<termid>3</termid>
<termfrequency>0</termfrequency>
</term>
</stream>
<stream>
<streamid>3</streamid>
<length>102</length>
<uniquelength>65</uniquelength>
<term>
<termid>1</termid>
<termfrequency>3</termfrequency>
</term>
<term>
<termid>2</termid>
<termfrequency>0</termfrequency>
</term>
<term>
<termid>3</termid>
<termfrequency>0</termfrequency>
</term>
</stream>
</doc>
<doc>
<docid>299321</docid>
<label>2</label>
<stream>
<streamid>1</streamid>
<length>7</length>
<uniquelength>7</uniquelength>
<term>
<termid>1</termid>
<termfrequency>1</termfrequency>
</term>
<term>
<termid>2</termid>
<termfrequency>0</termfrequency>
</term>
<term>
<termid>3</termid>
<termfrequency>0</termfrequency>
</term>
</stream>
<stream>
<streamid>2</streamid>
<length>103</length>
<uniquelength>54</uniquelength>
<term>
<termid>1</termid>
<termfrequency>2</termfrequency>
</term>
<term>
<termid>2</termid>
<termfrequency>0</termfrequency>
</term>
<term>
<termid>3</termid>
<termfrequency>0</termfrequency>
</term>
</stream>
<stream>
<streamid>3</streamid>
<length>110</length>
<uniquelength>55</uniquelength>
<term>
<termid>1</termid>
<termfrequency>3</termfrequency>
</term>
<term>
<termid>2</termid>
<termfrequency>0</termfrequency>
</term>
<term>
<termid>3</termid>
<termfrequency>0</termfrequency>
</term>
</stream>
</doc>
<doc>
<docid>222325</docid>
<label>1</label>
<stream>
<streamid>1</streamid>
<length>5</length>
<uniquelength>5</uniquelength>
<term>
<termid>1</termid>
<termfrequency>1</termfrequency>
</term>
<term>
<termid>2</termid>
<termfrequency>0</termfrequency>
</term>
<term>
<termid>3</termid>
<termfrequency>0</termfrequency>
</term>
</stream>
<stream>
<streamid>2</streamid>
<length>60</length>
<uniquelength>49</uniquelength>
<term>
<termid>1</termid>
<termfrequency>1</termfrequency>
</term>
<term>
<termid>2</termid>
<termfrequency>0</termfrequency>
</term>
<term>
<termid>3</termid>
<termfrequency>0</termfrequency>
</term>
</stream>
<stream>
<streamid>3</streamid>
<length>65</length>
<uniquelength>50</uniquelength>
<term>
<termid>1</termid>
<termfrequency>2</termfrequency>
</term>
<term>
<termid>2</termid>
<termfrequency>0</termfrequency>
</term>
<term>
<termid>3</termid>
<termfrequency>0</termfrequency>
</term>
</stream>
</doc>
<doc>
<docid>319552</docid>
<label>1</label>
<stream>
<streamid>1</streamid>
<length>9</length>
<uniquelength>9</uniquelength>
<term>
<termid>1</termid>
<termfrequency>0</termfrequency>
</term>
<term>
<termid>2</termid>
<termfrequency>0</termfrequency>
</term>
<term>
<termid>3</termid>
<termfrequency>0</termfrequency>
</term>
</stream>
<stream>
<streamid>2</streamid>
<length>110</length>
<uniquelength>56</uniquelength>
<term>
<termid>1</termid>
<termfrequency>3</termfrequency>
</term>
<term>
<termid>2</termid>
<termfrequency>0</termfrequency>
</term>
<term>
<termid>3</termid>
<termfrequency>0</termfrequency>
</term>
</stream>
<stream>
<streamid>3</streamid>
<length>119</length>
<uniquelength>58</uniquelength>
<term>
<termid>1</termid>
<termfrequency>3</termfrequency>
</term>
<term>
<termid>2</termid>
<termfrequency>0</termfrequency>
</term>
<term>
<termid>3</termid>
<termfrequency>0</termfrequency>
</term>
</stream>
</doc>
<doc>
<docid>309758</docid>
<label>0</label>
<stream>
<streamid>1</streamid>
<length>4</length>
<uniquelength>4</uniquelength>
<term>
<termid>1</termid>
<termfrequency>0</termfrequency>
</term>
<term>
<termid>2</termid>
<termfrequency>0</termfrequency>
</term>
<term>
<termid>3</termid>
<termfrequency>0</termfrequency>
</term>
</stream>
<stream>
<streamid>2</streamid>
<length>81</length>
<uniquelength>54</uniquelength>
<term>
<termid>1</termid>
<termfrequency>2</termfrequency>
</term>
<term>
<termid>2</termid>
<termfrequency>0</termfrequency>
</term>
<term>
<termid>3</termid>
<termfrequency>0</termfrequency>
</term>
</stream>
<stream>
<streamid>3</streamid>
<length>85</length>
<uniquelength>56</uniquelength>
<term>
<termid>1</termid>
<termfrequency>2</termfrequency>
</term>
<term>
<termid>2</termid>
<termfrequency>0</termfrequency>
</term>
<term>
<termid>3</termid>
<termfrequency>0</termfrequency>
</term>
</stream>
</doc>
<doc>
<docid>40605</docid>
<label>0</label>
<stream>
<streamid>1</streamid>
<length>8</length>
<uniquelength>8</uniquelength>
<term>
<termid>1</termid>
<termfrequency>0</termfrequency>
</term>
<term>
<termid>2</termid>
<termfrequency>0</termfrequency>
</term>
<term>
<termid>3</termid>
<termfrequency>0</termfrequency>
</term>
</stream>
<stream>
<streamid>2</streamid>
<length>71</length>
<uniquelength>53</uniquelength>
<term>
<termid>1</termid>
<termfrequency>1</termfrequency>
</term>
<term>
<termid>2</termid>
<termfrequency>3</termfrequency>
</term>
<term>
<termid>3</termid>
<termfrequency>0</termfrequency>
</term>
</stream>
<stream>
<streamid>3</streamid>
<length>79</length>
<uniquelength>54</uniquelength>
<term>
<termid>1</termid>
<termfrequency>1</termfrequency>
</term>
<term>
<termid>2</termid>
<termfrequency>3</termfrequency>
</term>
<term>
<termid>3</termid>
<termfrequency>0</termfrequency>
</term>
</stream>
</doc>
<doc>
<docid>140180</docid>
<label>2</label>
<stream>
<streamid>1</streamid>
<length>10</length>
<uniquelength>10</uniquelength>
<term>
<termid>1</termid>
<termfrequency>0</termfrequency>
</term>
<term>
<termid>2</termid>
<termfrequency>0</termfrequency>
</term>
<term>
<termid>3</termid>
<termfrequency>0</termfrequency>
</term>
</stream>
<stream>
<streamid>2</streamid>
<length>78</length>
<uniquelength>60</uniquelength>
<term>
<termid>1</termid>
<termfrequency>2</termfrequency>
</term>
<term>
<termid>2</termid>
<termfrequency>0</termfrequency>
</term>
<term>
<termid>3</termid>
<termfrequency>0</termfrequency>
</term>
</stream>
<stream>
<streamid>3</streamid>
<length>88</length>
<uniquelength>62</uniquelength>
<term>
<termid>1</termid>
<termfrequency>2</termfrequency>
</term>
<term>
<termid>2</termid>
<termfrequency>0</termfrequency>
</term>
<term>
<termid>3</termid>
<termfrequency>0</termfrequency>
</term>
</stream>
</doc>
<doc>
<docid>257723</docid>
<label>2</label>
<stream>
<streamid>1</streamid>
<length>5</length>
<uniquelength>5</uniquelength>
<term>
<termid>1</termid>
<termfrequency>1</termfrequency>
</term>
<term>
<termid>2</termid>
<termfrequency>0</termfrequency>
</term>
<term>
<termid>3</termid>
<termfrequency>0</termfrequency>
</term>
</stream>
<stream>
<streamid>2</streamid>
<length>152</length>
<uniquelength>88</uniquelength>
<term>
<termid>1</termid>
<termfrequency>2</termfrequency>
</term>
<term>
<termid>2</termid>
<termfrequency>0</termfrequency>
</term>
<term>
<termid>3</termid>
<termfrequency>0</termfrequency>
</term>
</stream>
<stream>
<streamid>3</streamid>
<length>157</length>
<uniquelength>90</uniquelength>
<term>
<termid>1</termid>
<termfrequency>3</termfrequency>
</term>
<term>
<termid>2</termid>
<termfrequency>0</termfrequency>
</term>
<term>
<termid>3</termid>
<termfrequency>0</termfrequency>
</term>
</stream>
</doc>
<doc>
<docid>309869</docid>
<label>2</label>
<stream>
<streamid>1</streamid>
<length>7</length>
<uniquelength>7</uniquelength>
<term>
<termid>1</termid>
<termfrequency>1</termfrequency>
</term>
<term>
<termid>2</termid>
<termfrequency>0</termfrequency>
</term>
<term>
<termid>3</termid>
<termfrequency>0</termfrequency>
</term>
</stream>
<stream>
<streamid>2</streamid>
<length>91</length>
<uniquelength>73</uniquelength>
<term>
<termid>1</termid>
<termfrequency>1</termfrequency>
</term>
<term>
<termid>2</termid>
<termfrequency>0</termfrequency>
</term>
<term>
<termid>3</termid>
<termfrequency>0</termfrequency>
</term>
</stream>
<stream>
<streamid>3</streamid>
<length>98</length>
<uniquelength>74</uniquelength>
<term>
<termid>1</termid>
<termfrequency>2</termfrequency>
</term>
<term>
<termid>2</termid>
<termfrequency>0</termfrequency>
</term>
<term>
<termid>3</termid>
<termfrequency>0</termfrequency>
</term>
</stream>
</doc>
<doc>
<docid>12589</docid>
<label>0</label>
<stream>
<streamid>1</streamid>
<length>10</length>
<uniquelength>9</uniquelength>
<term>
<termid>1</termid>
<termfrequency>0</termfrequency>
</term>
<term>
<termid>2</termid>
<termfrequency>0</termfrequency>
</term>
<term>
<termid>3</termid>
<termfrequency>0</termfrequency>
</term>
</stream>
<stream>
<streamid>2</streamid>
<length>54</length>
<uniquelength>48</uniquelength>
<term>
<termid>1</termid>
<termfrequency>1</termfrequency>
</term>
<term>
<termid>2</termid>
<termfrequency>0</termfrequency>
</term>
<term>
<termid>3</termid>
<termfrequency>0</termfrequency>
</term>
</stream>
<stream>
<streamid>3</streamid>
<length>64</length>
<uniquelength>48</uniquelength>
<term>
<termid>1</termid>
<termfrequency>1</termfrequency>
</term>
<term>
<termid>2</termid>
<termfrequency>0</termfrequency>
</term>
<term>
<termid>3</termid>
<termfrequency>0</termfrequency>
</term>
</stream>
</doc>
<doc>
<docid>304262</docid>
<label>0</label>
<stream>
<streamid>1</streamid>
<length>9</length>
<uniquelength>9</uniquelength>
<term>
<termid>1</termid>
<termfrequency>0</termfrequency>
</term>
<term>
<termid>2</termid>
<termfrequency>0</termfrequency>
</term>
<term>
<termid>3</termid>
<termfrequency>0</termfrequency>
</term>
</stream>
<stream>
<streamid>2</streamid>
<length>151</length>
<uniquelength>72</uniquelength>
<term>
<termid>1</termid>
<termfrequency>2</termfrequency>
</term>
<term>
<termid>2</termid>
<termfrequency>0</termfrequency>
</term>
<term>
<termid>3</termid>
<termfrequency>0</termfrequency>
</term>
</stream>
<stream>
<streamid>3</streamid>
<length>160</length>
<uniquelength>72</uniquelength>
<term>
<termid>1</termid>
<termfrequency>2</termfrequency>
</term>
<term>
<termid>2</termid>
<termfrequency>0</termfrequency>
</term>
<term>
<termid>3</termid>
<termfrequency>0</termfrequency>
</term>
</stream>
</doc>
<doc>
<docid>195315</docid>
<label>0</label>
<stream>
<streamid>1</streamid>
<length>4</length>
<uniquelength>4</uniquelength>
<term>
<termid>1</termid>
<termfrequency>0</termfrequency>
</term>
<term>
<termid>2</termid>
<termfrequency>0</termfrequency>
</term>
<term>
<termid>3</termid>
<termfrequency>0</termfrequency>
</term>
</stream>
<stream>
<streamid>2</streamid>
<length>67</length>
<uniquelength>43</uniquelength>
<term>
<termid>1</termid>
<termfrequency>1</termfrequency>
</term>
<term>
<termid>2</termid>
<termfrequency>0</termfrequency>
</term>
<term>
<termid>3</termid>
<termfrequency>0</termfrequency>
</term>
</stream>
<stream>
<streamid>3</streamid>
<length>71</length>
<uniquelength>43</uniquelength>
<term>
<termid>1</termid>
<termfrequency>1</termfrequency>
</term>
<term>
<termid>2</termid>
<termfrequency>0</termfrequency>
</term>
<term>
<termid>3</termid>
<termfrequency>0</termfrequency>
</term>
</stream>
</doc>
<doc>
<docid>166321</docid>
<label>0</label>
<stream>
<streamid>1</streamid>
<length>6</length>
<uniquelength>6</uniquelength>
<term>
<termid>1</termid>
<termfrequency>0</termfrequency>
</term>
<term>
<termid>2</termid>
<termfrequency>0</termfrequency>
</term>
<term>
<termid>3</termid>
<termfrequency>0</termfrequency>
</term>
</stream>
<stream>
<streamid>2</streamid>
<length>107</length>
<uniquelength>67</uniquelength>
<term>
<termid>1</termid>
<termfrequency>1</termfrequency>
</term>
<term>
<termid>2</termid>
<termfrequency>1</termfrequency>
</term>
<term>
<termid>3</termid>
<termfrequency>0</termfrequency>
</term>
</stream>
<stream>
<streamid>3</streamid>
<length>113</length>
<uniquelength>67</uniquelength>
<term>
<termid>1</termid>
<termfrequency>1</termfrequency>
</term>
<term>
<termid>2</termid>
<termfrequency>1</termfrequency>
</term>
<term>
<termid>3</termid>
<termfrequency>0</termfrequency>
</term>
</stream>
</doc>
<doc>
<docid>138568</docid>
<label>2</label>
<stream>
<streamid>1</streamid>
<length>6</length>
<uniquelength>6</uniquelength>
<term>
<termid>1</termid>
<termfrequency>0</termfrequency>
</term>
<term>
<termid>2</termid>
<termfrequency>0</termfrequency>
</term>
<term>
<termid>3</termid>
<termfrequency>0</termfrequency>
</term>
</stream>
<stream>
<streamid>2</streamid>
<length>70</length>
<uniquelength>49</uniquelength>
<term>
<termid>1</termid>
<termfrequency>1</termfrequency>
</term>
<term>
<termid>2</termid>
<termfrequency>0</termfrequency>
</term>
<term>
<termid>3</termid>
<termfrequency>0</termfrequency>
</term>
</stream>
<stream>
<streamid>3</streamid>
<length>76</length>
<uniquelength>49</uniquelength>
<term>
<termid>1</termid>
<termfrequency>1</termfrequency>
</term>
<term>
<termid>2</termid>
<termfrequency>0</termfrequency>
</term>
<term>
<termid>3</termid>
<termfrequency>0</termfrequency>
</term>
</stream>
</doc>
<doc>
<docid>229367</docid>
<label>0</label>
<stream>
<streamid>1</streamid>
<length>8</length>
<uniquelength>8</uniquelength>
<term>
<termid>1</termid>
<termfrequency>0</termfrequency>
</term>
<term>
<termid>2</termid>
<termfrequency>0</termfrequency>
</term>
<term>
<termid>3</termid>
<termfrequency>0</termfrequency>
</term>
</stream>
<stream>
<streamid>2</streamid>
<length>69</length>
<uniquelength>47</uniquelength>
<term>
<termid>1</termid>
<termfrequency>1</termfrequency>
</term>
<term>
<termid>2</termid>
<termfrequency>0</termfrequency>
</term>
<term>
<termid>3</termid>
<termfrequency>0</termfrequency>
</term>
</stream>
<stream>
<streamid>3</streamid>
<length>77</length>
<uniquelength>47</uniquelength>
<term>
<termid>1</termid>
<termfrequency>1</termfrequency>
</term>
<term>
<termid>2</termid>
<termfrequency>0</termfrequency>
</term>
<term>
<termid>3</termid>
<termfrequency>0</termfrequency>
</term>
</stream>
</doc>
<doc>
<docid>109061</docid>
<label>1</label>
<stream>
<streamid>1</streamid>
<length>4</length>
<uniquelength>4</uniquelength>
<term>
<termid>1</termid>
<termfrequency>0</termfrequency>
</term>
<term>
<termid>2</termid>
<termfrequency>0</termfrequency>
</term>
<term>
<termid>3</termid>
<termfrequency>0</termfrequency>
</term>
</stream>
<stream>
<streamid>2</streamid>
<length>74</length>
<uniquelength>56</uniquelength>
<term>
<termid>1</termid>
<termfrequency>1</termfrequency>
</term>
<term>
<termid>2</termid>
<termfrequency>0</termfrequency>
</term>
<term>
<termid>3</termid>
<termfrequency>0</termfrequency>
</term>
</stream>
<stream>
<streamid>3</streamid>
<length>78</length>
<uniquelength>58</uniquelength>
<term>
<termid>1</termid>
<termfrequency>1</termfrequency>
</term>
<term>
<termid>2</termid>
<termfrequency>0</termfrequency>
</term>
<term>
<termid>3</termid>
<termfrequency>0</termfrequency>
</term>
</stream>
</doc>
<doc>
<docid>109059</docid>
<label>1</label>
<stream>
<streamid>1</streamid>
<length>6</length>
<uniquelength>6</uniquelength>
<term>
<termid>1</termid>
<termfrequency>0</termfrequency>
</term>
<term>
<termid>2</termid>
<termfrequency>0</termfrequency>
</term>
<term>
<termid>3</termid>
<termfrequency>0</termfrequency>
</term>
</stream>
<stream>
<streamid>2</streamid>
<length>88</length>
<uniquelength>61</uniquelength>
<term>
<termid>1</termid>
<termfrequency>1</termfrequency>
</term>
<term>
<termid>2</termid>
<termfrequency>0</termfrequency>
</term>
<term>
<termid>3</termid>
<termfrequency>0</termfrequency>
</term>
</stream>
<stream>
<streamid>3</streamid>
<length>94</length>
<uniquelength>62</uniquelength>
<term>
<termid>1</termid>
<termfrequency>1</termfrequency>
</term>
<term>
<termid>2</termid>
<termfrequency>0</termfrequency>
</term>
<term>
<termid>3</termid>
<termfrequency>0</termfrequency>
</term>
</stream>
</doc>
<doc>
<docid>110944</docid>
<label>1</label>
<stream>
<streamid>1</streamid>
<length>7</length>
<uniquelength>7</uniquelength>
<term>
<termid>1</termid>
<termfrequency>0</termfrequency>
</term>
<term>
<termid>2</termid>
<termfrequency>0</termfrequency>
</term>
<term>
<termid>3</termid>
<termfrequency>0</termfrequency>
</term>
</stream>
<stream>
<streamid>2</streamid>
<length>95</length>
<uniquelength>56</uniquelength>
<term>
<termid>1</termid>
<termfrequency>1</termfrequency>
</term>
<term>
<termid>2</termid>
<termfrequency>0</termfrequency>
</term>
<term>
<termid>3</termid>
<termfrequency>0</termfrequency>
</term>
</stream>
<stream>
<streamid>3</streamid>
<length>102</length>
<uniquelength>56</uniquelength>
<term>
<termid>1</termid>
<termfrequency>1</termfrequency>
</term>
<term>
<termid>2</termid>
<termfrequency>0</termfrequency>
</term>
<term>
<termid>3</termid>
<termfrequency>0</termfrequency>
</term>
</stream>
</doc>
<doc>
<docid>233526</docid>
<label>0</label>
<stream>
<streamid>1</streamid>
<length>5</length>
<uniquelength>5</uniquelength>
<term>
<termid>1</termid>
<termfrequency>0</termfrequency>
</term>
<term>
<termid>2</termid>
<termfrequency>0</termfrequency>
</term>
<term>
<termid>3</termid>
<termfrequency>0</termfrequency>
</term>
</stream>
<stream>
<streamid>2</streamid>
<length>103</length>
<uniquelength>69</uniquelength>
<term>
<termid>1</termid>
<termfrequency>1</termfrequency>
</term>
<term>
<termid>2</termid>
<termfrequency>0</termfrequency>
</term>
<term>
<termid>3</termid>
<termfrequency>0</termfrequency>
</term>
</stream>
<stream>
<streamid>3</streamid>
<length>108</length>
<uniquelength>73</uniquelength>
<term>
<termid>1</termid>
<termfrequency>1</termfrequency>
</term>
<term>
<termid>2</termid>
<termfrequency>0</termfrequency>
</term>
<term>
<termid>3</termid>
<termfrequency>0</termfrequency>
</term>
</stream>
</doc>
<doc>
<docid>307923</docid>
<label>0</label>
<stream>
<streamid>1</streamid>
<length>4</length>
<uniquelength>4</uniquelength>
<term>
<termid>1</termid>
<termfrequency>0</termfrequency>
</term>
<term>
<termid>2</termid>
<termfrequency>0</termfrequency>
</term>
<term>
<termid>3</termid>
<termfrequency>0</termfrequency>
</term>
</stream>
<stream>
<streamid>2</streamid>
<length>106</length>
<uniquelength>64</uniquelength>
<term>
<termid>1</termid>
<termfrequency>1</termfrequency>
</term>
<term>
<termid>2</termid>
<termfrequency>0</termfrequency>
</term>
<term>
<termid>3</termid>
<termfrequency>0</termfrequency>
</term>
</stream>
<stream>
<streamid>3</streamid>
<length>110</length>
<uniquelength>65</uniquelength>
<term>
<termid>1</termid>
<termfrequency>1</termfrequency>
</term>
<term>
<termid>2</termid>
<termfrequency>0</termfrequency>
</term>
<term>
<termid>3</termid>
<termfrequency>0</termfrequency>
</term>
</stream>
</doc>
<doc>
<docid>195863</docid>
<label>0</label>
<stream>
<streamid>1</streamid>
<length>4</length>
<uniquelength>4</uniquelength>
<term>
<termid>1</termid>
<termfrequency>0</termfrequency>
</term>
<term>
<termid>2</termid>
<termfrequency>0</termfrequency>
</term>
<term>
<termid>3</termid>
<termfrequency>0</termfrequency>
</term>
</stream>
<stream>
<streamid>2</streamid>
<length>120</length>
<uniquelength>73</uniquelength>
<term>
<termid>1</termid>
<termfrequency>1</termfrequency>
</term>
<term>
<termid>2</termid>
<termfrequency>0</termfrequency>
</term>
<term>
<termid>3</termid>
<termfrequency>0</termfrequency>
</term>
</stream>
<stream>
<streamid>3</streamid>
<length>124</length>
<uniquelength>74</uniquelength>
<term>
<termid>1</termid>
<termfrequency>1</termfrequency>
</term>
<term>
<termid>2</termid>
<termfrequency>0</termfrequency>
</term>
<term>
<termid>3</termid>
<termfrequency>0</termfrequency>
</term>
</stream>
</doc>
<doc>
<docid>69072</docid>
<label>0</label>
<stream>
<streamid>1</streamid>
<length>6</length>
<uniquelength>6</uniquelength>
<term>
<termid>1</termid>
<termfrequency>1</termfrequency>
</term>
<term>
<termid>2</termid>
<termfrequency>0</termfrequency>
</term>
<term>
<termid>3</termid>
<termfrequency>0</termfrequency>
</term>
</stream>
<stream>
<streamid>2</streamid>
<length>132</length>
<uniquelength>82</uniquelength>
<term>
<termid>1</termid>
<termfrequency>0</termfrequency>
</term>
<term>
<termid>2</termid>
<termfrequency>0</termfrequency>
</term>
<term>
<termid>3</termid>
<termfrequency>0</termfrequency>
</term>
</stream>
<stream>
<streamid>3</streamid>
<length>138</length>
<uniquelength>85</uniquelength>
<term>
<termid>1</termid>
<termfrequency>1</termfrequency>
</term>
<term>
<termid>2</termid>
<termfrequency>0</termfrequency>
</term>
<term>
<termid>3</termid>
<termfrequency>0</termfrequency>
</term>
</stream>
</doc>
<doc>
<docid>147187</docid>
<label>0</label>
<stream>
<streamid>1</streamid>
<length>7</length>
<uniquelength>7</uniquelength>
<term>
<termid>1</termid>
<termfrequency>0</termfrequency>
</term>
<term>
<termid>2</termid>
<termfrequency>0</termfrequency>
</term>
<term>
<termid>3</termid>
<termfrequency>0</termfrequency>
</term>
</stream>
<stream>
<streamid>2</streamid>
<length>138</length>
<uniquelength>76</uniquelength>
<term>
<termid>1</termid>
<termfrequency>1</termfrequency>
</term>
<term>
<termid>2</termid>
<termfrequency>0</termfrequency>
</term>
<term>
<termid>3</termid>
<termfrequency>0</termfrequency>
</term>
</stream>
<stream>
<streamid>3</streamid>
<length>145</length>
<uniquelength>76</uniquelength>
<term>
<termid>1</termid>
<termfrequency>1</termfrequency>
</term>
<term>
<termid>2</termid>
<termfrequency>0</termfrequency>
</term>
<term>
<termid>3</termid>
<termfrequency>0</termfrequency>
</term>
</stream>
</doc>
<doc>
<docid>197388</docid>
<label>0</label>
<stream>
<streamid>1</streamid>
<length>12</length>
<uniquelength>12</uniquelength>
<term>
<termid>1</termid>
<termfrequency>0</termfrequency>
</term>
<term>
<termid>2</termid>
<termfrequency>0</termfrequency>
</term>
<term>
<termid>3</termid>
<termfrequency>0</termfrequency>
</term>
</stream>
<stream>
<streamid>2</streamid>
<length>95</length>
<uniquelength>79</uniquelength>
<term>
<termid>1</termid>
<termfrequency>0</termfrequency>
</term>
<term>
<termid>2</termid>
<termfrequency>2</termfrequency>
</term>
<term>
<termid>3</termid>
<termfrequency>0</termfrequency>
</term>
</stream>
<stream>
<streamid>3</streamid>
<length>107</length>
<uniquelength>84</uniquelength>
<term>
<termid>1</termid>
<termfrequency>0</termfrequency>
</term>
<term>
<termid>2</termid>
<termfrequency>2</termfrequency>
</term>
<term>
<termid>3</termid>
<termfrequency>0</termfrequency>
</term>
</stream>
</doc>
<doc>
<docid>109868</docid>
<label>0</label>
<stream>
<streamid>1</streamid>
<length>7</length>
<uniquelength>7</uniquelength>
<term>
<termid>1</termid>
<termfrequency>0</termfrequency>
</term>
<term>
<termid>2</termid>
<termfrequency>0</termfrequency>
</term>
<term>
<termid>3</termid>
<termfrequency>0</termfrequency>
</term>
</stream>
<stream>
<streamid>2</streamid>
<length>92</length>
<uniquelength>70</uniquelength>
<term>
<termid>1</termid>
<termfrequency>0</termfrequency>
</term>
<term>
<termid>2</termid>
<termfrequency>1</termfrequency>
</term>
<term>
<termid>3</termid>
<termfrequency>0</termfrequency>
</term>
</stream>
<stream>
<streamid>3</streamid>
<length>99</length>
<uniquelength>71</uniquelength>
<term>
<termid>1</termid>
<termfrequency>0</termfrequency>
</term>
<term>
<termid>2</termid>
<termfrequency>1</termfrequency>
</term>
<term>
<termid>3</termid>
<termfrequency>0</termfrequency>
</term>
</stream>
</doc>
<doc>
<docid>146609</docid>
<label>0</label>
<stream>
<streamid>1</streamid>
<length>8</length>
<uniquelength>8</uniquelength>
<term>
<termid>1</termid>
<termfrequency>0</termfrequency>
</term>
<term>
<termid>2</termid>
<termfrequency>0</termfrequency>
</term>
<term>
<termid>3</termid>
<termfrequency>0</termfrequency>
</term>
</stream>
<stream>
<streamid>2</streamid>
<length>78</length>
<uniquelength>52</uniquelength>
<term>
<termid>1</termid>
<termfrequency>0</termfrequency>
</term>
<term>
<termid>2</termid>
<termfrequency>0</termfrequency>
</term>
<term>
<termid>3</termid>
<termfrequency>0</termfrequency>
</term>
</stream>
<stream>
<streamid>3</streamid>
<length>86</length>
<uniquelength>54</uniquelength>
<term>
<termid>1</termid>
<termfrequency>0</termfrequency>
</term>
<term>
<termid>2</termid>
<termfrequency>0</termfrequency>
</term>
<term>
<termid>3</termid>
<termfrequency>0</termfrequency>
</term>
</stream>
</doc>
<doc>
<docid>146610</docid>
<label>0</label>
<stream>
<streamid>1</streamid>
<length>14</length>
<uniquelength>12</uniquelength>
<term>
<termid>1</termid>
<termfrequency>0</termfrequency>
</term>
<term>
<termid>2</termid>
<termfrequency>0</termfrequency>
</term>
<term>
<termid>3</termid>
<termfrequency>0</termfrequency>
</term>
</stream>
<stream>
<streamid>2</streamid>
<length>98</length>
<uniquelength>70</uniquelength>
<term>
<termid>1</termid>
<termfrequency>0</termfrequency>
</term>
<term>
<termid>2</termid>
<termfrequency>0</termfrequency>
</term>
<term>
<termid>3</termid>
<termfrequency>0</termfrequency>
</term>
</stream>
<stream>
<streamid>3</streamid>
<length>112</length>
<uniquelength>70</uniquelength>
<term>
<termid>1</termid>
<termfrequency>0</termfrequency>
</term>
<term>
<termid>2</termid>
<termfrequency>0</termfrequency>
</term>
<term>
<termid>3</termid>
<termfrequency>0</termfrequency>
</term>
</stream>
</doc>
<doc>
<docid>40745</docid>
<label>0</label>
<stream>
<streamid>1</streamid>
<length>8</length>
<uniquelength>8</uniquelength>
<term>
<termid>1</termid>
<termfrequency>0</termfrequency>
</term>
<term>
<termid>2</termid>
<termfrequency>0</termfrequency>
</term>
<term>
<termid>3</termid>
<termfrequency>0</termfrequency>
</term>
</stream>
<stream>
<streamid>2</streamid>
<length>92</length>
<uniquelength>65</uniquelength>
<term>
<termid>1</termid>
<termfrequency>0</termfrequency>
</term>
<term>
<termid>2</termid>
<termfrequency>0</termfrequency>
</term>
<term>
<termid>3</termid>
<termfrequency>0</termfrequency>
</term>
</stream>
<stream>
<streamid>3</streamid>
<length>100</length>
<uniquelength>65</uniquelength>
<term>
<termid>1</termid>
<termfrequency>0</termfrequency>
</term>
<term>
<termid>2</termid>
<termfrequency>0</termfrequency>
</term>
<term>
<termid>3</termid>
<termfrequency>0</termfrequency>
</term>
</stream>
</doc>
<doc>
<docid>111258</docid>
<label>0</label>
<stream>
<streamid>1</streamid>
<length>8</length>
<uniquelength>8</uniquelength>
<term>
<termid>1</termid>
<termfrequency>0</termfrequency>
</term>
<term>
<termid>2</termid>
<termfrequency>0</termfrequency>
</term>
<term>
<termid>3</termid>
<termfrequency>0</termfrequency>
</term>
</stream>
<stream>
<streamid>2</streamid>
<length>88</length>
<uniquelength>58</uniquelength>
<term>
<termid>1</termid>
<termfrequency>0</termfrequency>
</term>
<term>
<termid>2</termid>
<termfrequency>0</termfrequency>
</term>
<term>
<termid>3</termid>
<termfrequency>0</termfrequency>
</term>
</stream>
<stream>
<streamid>3</streamid>
<length>96</length>
<uniquelength>58</uniquelength>
<term>
<termid>1</termid>
<termfrequency>0</termfrequency>
</term>
<term>
<termid>2</termid>
<termfrequency>0</termfrequency>
</term>
<term>
<termid>3</termid>
<termfrequency>0</termfrequency>
</term>
</stream>
</doc>
<doc>
<docid>230784</docid>
<label>0</label>
<stream>
<streamid>1</streamid>
<length>9</length>
<uniquelength>9</uniquelength>
<term>
<termid>1</termid>
<termfrequency>0</termfrequency>
</term>
<term>
<termid>2</termid>
<termfrequency>0</termfrequency>
</term>
<term>
<termid>3</termid>
<termfrequency>0</termfrequency>
</term>
</stream>
<stream>
<streamid>2</streamid>
<length>105</length>
<uniquelength>74</uniquelength>
<term>
<termid>1</termid>
<termfrequency>0</termfrequency>
</term>
<term>
<termid>2</termid>
<termfrequency>0</termfrequency>
</term>
<term>
<termid>3</termid>
<termfrequency>0</termfrequency>
</term>
</stream>
<stream>
<streamid>3</streamid>
<length>114</length>
<uniquelength>74</uniquelength>
<term>
<termid>1</termid>
<termfrequency>0</termfrequency>
</term>
<term>
<termid>2</termid>
<termfrequency>0</termfrequency>
</term>
<term>
<termid>3</termid>
<termfrequency>0</termfrequency>
</term>
</stream>
</doc>
<doc>
<docid>139772</docid>
<label>0</label>
<stream>
<streamid>1</streamid>
<length>8</length>
<uniquelength>8</uniquelength>
<term>
<termid>1</termid>
<termfrequency>0</termfrequency>
</term>
<term>
<termid>2</termid>
<termfrequency>0</termfrequency>
</term>
<term>
<termid>3</termid>
<termfrequency>0</termfrequency>
</term>
</stream>
<stream>
<streamid>2</streamid>
<length>45</length>
<uniquelength>35</uniquelength>
<term>
<termid>1</termid>
<termfrequency>0</termfrequency>
</term>
<term>
<termid>2</termid>
<termfrequency>0</termfrequency>
</term>
<term>
<termid>3</termid>
<termfrequency>0</termfrequency>
</term>
</stream>
<stream>
<streamid>3</streamid>
<length>53</length>
<uniquelength>35</uniquelength>
<term>
<termid>1</termid>
<termfrequency>0</termfrequency>
</term>
<term>
<termid>2</termid>
<termfrequency>0</termfrequency>
</term>
<term>
<termid>3</termid>
<termfrequency>0</termfrequency>
</term>
</stream>
</doc>
<doc>
<docid>11933</docid>
<label>0</label>
<stream>
<streamid>1</streamid>
<length>5</length>
<uniquelength>5</uniquelength>
<term>
<termid>1</termid>
<termfrequency>0</termfrequency>
</term>
<term>
<termid>2</termid>
<termfrequency>0</termfrequency>
</term>
<term>
<termid>3</termid>
<termfrequency>0</termfrequency>
</term>
</stream>
<stream>
<streamid>2</streamid>
<length>123</length>
<uniquelength>81</uniquelength>
<term>
<termid>1</termid>
<termfrequency>0</termfrequency>
</term>
<term>
<termid>2</termid>
<termfrequency>0</termfrequency>
</term>
<term>
<termid>3</termid>
<termfrequency>0</termfrequency>
</term>
</stream>
<stream>
<streamid>3</streamid>
<length>128</length>
<uniquelength>81</uniquelength>
<term>
<termid>1</termid>
<termfrequency>0</termfrequency>
</term>
<term>
<termid>2</termid>
<termfrequency>0</termfrequency>
</term>
<term>
<termid>3</termid>
<termfrequency>0</termfrequency>
</term>
</stream>
</doc>
<doc>
<docid>241965</docid>
<label>0</label>
<stream>
<streamid>1</streamid>
<length>7</length>
<uniquelength>7</uniquelength>
<term>
<termid>1</termid>
<termfrequency>0</termfrequency>
</term>
<term>
<termid>2</termid>
<termfrequency>0</termfrequency>
</term>
<term>
<termid>3</termid>
<termfrequency>0</termfrequency>
</term>
</stream>
<stream>
<streamid>2</streamid>
<length>111</length>
<uniquelength>78</uniquelength>
<term>
<termid>1</termid>
<termfrequency>0</termfrequency>
</term>
<term>
<termid>2</termid>
<termfrequency>0</termfrequency>
</term>
<term>
<termid>3</termid>
<termfrequency>0</termfrequency>
</term>
</stream>
<stream>
<streamid>3</streamid>
<length>118</length>
<uniquelength>78</uniquelength>
<term>
<termid>1</termid>
<termfrequency>0</termfrequency>
</term>
<term>
<termid>2</termid>
<termfrequency>0</termfrequency>
</term>
<term>
<termid>3</termid>
<termfrequency>0</termfrequency>
</term>
</stream>
</doc>
<doc>
<docid>278257</docid>
<label>1</label>
<stream>
<streamid>1</streamid>
<length>6</length>
<uniquelength>6</uniquelength>
<term>
<termid>1</termid>
<termfrequency>0</termfrequency>
</term>
<term>
<termid>2</termid>
<termfrequency>0</termfrequency>
</term>
<term>
<termid>3</termid>
<termfrequency>0</termfrequency>
</term>
</stream>
<stream>
<streamid>2</streamid>
<length>0</length>
<uniquelength>0</uniquelength>
<term>
<termid>1</termid>
<termfrequency>0</termfrequency>
</term>
<term>
<termid>2</termid>
<termfrequency>0</termfrequency>
</term>
<term>
<termid>3</termid>
<termfrequency>0</termfrequency>
</term>
</stream>
<stream>
<streamid>3</streamid>
<length>6</length>
<uniquelength>6</uniquelength>
<term>
<termid>1</termid>
<termfrequency>0</termfrequency>
</term>
<term>
<termid>2</termid>
<termfrequency>0</termfrequency>
</term>
<term>
<termid>3</termid>
<termfrequency>0</termfrequency>
</term>
</stream>
</doc>
<doc>
<docid>149195</docid>
<label>0</label>
<stream>
<streamid>1</streamid>
<length>14</length>
<uniquelength>13</uniquelength>
<term>
<termid>1</termid>
<termfrequency>0</termfrequency>
</term>
<term>
<termid>2</termid>
<termfrequency>0</termfrequency>
</term>
<term>
<termid>3</termid>
<termfrequency>0</termfrequency>
</term>
</stream>
<stream>
<streamid>2</streamid>
<length>56</length>
<uniquelength>44</uniquelength>
<term>
<termid>1</termid>
<termfrequency>0</termfrequency>
</term>
<term>
<termid>2</termid>
<termfrequency>0</termfrequency>
</term>
<term>
<termid>3</termid>
<termfrequency>0</termfrequency>
</term>
</stream>
<stream>
<streamid>3</streamid>
<length>70</length>
<uniquelength>47</uniquelength>
<term>
<termid>1</termid>
<termfrequency>0</termfrequency>
</term>
<term>
<termid>2</termid>
<termfrequency>0</termfrequency>
</term>
<term>
<termid>3</termid>
<termfrequency>0</termfrequency>
</term>
</stream>
</doc>
<doc>
<docid>289197</docid>
<label>0</label>
<stream>
<streamid>1</streamid>
<length>16</length>
<uniquelength>16</uniquelength>
<term>
<termid>1</termid>
<termfrequency>0</termfrequency>
</term>
<term>
<termid>2</termid>
<termfrequency>0</termfrequency>
</term>
<term>
<termid>3</termid>
<termfrequency>0</termfrequency>
</term>
</stream>
<stream>
<streamid>2</streamid>
<length>117</length>
<uniquelength>83</uniquelength>
<term>
<termid>1</termid>
<termfrequency>0</termfrequency>
</term>
<term>
<termid>2</termid>
<termfrequency>0</termfrequency>
</term>
<term>
<termid>3</termid>
<termfrequency>0</termfrequency>
</term>
</stream>
<stream>
<streamid>3</streamid>
<length>133</length>
<uniquelength>87</uniquelength>
<term>
<termid>1</termid>
<termfrequency>0</termfrequency>
</term>
<term>
<termid>2</termid>
<termfrequency>0</termfrequency>
</term>
<term>
<termid>3</termid>
<termfrequency>0</termfrequency>
</term>
</stream>
</doc>
<doc>
<docid>140181</docid>
<label>0</label>
<stream>
<streamid>1</streamid>
<length>12</length>
<uniquelength>12</uniquelength>
<term>
<termid>1</termid>
<termfrequency>0</termfrequency>
</term>
<term>
<termid>2</termid>
<termfrequency>0</termfrequency>
</term>
<term>
<termid>3</termid>
<termfrequency>0</termfrequency>
</term>
</stream>
<stream>
<streamid>2</streamid>
<length>63</length>
<uniquelength>48</uniquelength>
<term>
<termid>1</termid>
<termfrequency>0</termfrequency>
</term>
<term>
<termid>2</termid>
<termfrequency>0</termfrequency>
</term>
<term>
<termid>3</termid>
<termfrequency>0</termfrequency>
</term>
</stream>
<stream>
<streamid>3</streamid>
<length>75</length>
<uniquelength>49</uniquelength>
<term>
<termid>1</termid>
<termfrequency>0</termfrequency>
</term>
<term>
<termid>2</termid>
<termfrequency>0</termfrequency>
</term>
<term>
<termid>3</termid>
<termfrequency>0</termfrequency>
</term>
</stream>
</doc>
<doc>
<docid>140183</docid>
<label>0</label>
<stream>
<streamid>1</streamid>
<length>3</length>
<uniquelength>3</uniquelength>
<term>
<termid>1</termid>
<termfrequency>0</termfrequency>
</term>
<term>
<termid>2</termid>
<termfrequency>0</termfrequency>
</term>
<term>
<termid>3</termid>
<termfrequency>0</termfrequency>
</term>
</stream>
<stream>
<streamid>2</streamid>
<length>71</length>
<uniquelength>60</uniquelength>
<term>
<termid>1</termid>
<termfrequency>0</termfrequency>
</term>
<term>
<termid>2</termid>
<termfrequency>0</termfrequency>
</term>
<term>
<termid>3</termid>
<termfrequency>0</termfrequency>
</term>
</stream>
<stream>
<streamid>3</streamid>
<length>74</length>
<uniquelength>61</uniquelength>
<term>
<termid>1</termid>
<termfrequency>0</termfrequency>
</term>
<term>
<termid>2</termid>
<termfrequency>0</termfrequency>
</term>
<term>
<termid>3</termid>
<termfrequency>0</termfrequency>
</term>
</stream>
</doc>
<doc>
<docid>140281</docid>
<label>0</label>
<stream>
<streamid>1</streamid>
<length>8</length>
<uniquelength>8</uniquelength>
<term>
<termid>1</termid>
<termfrequency>0</termfrequency>
</term>
<term>
<termid>2</termid>
<termfrequency>0</termfrequency>
</term>
<term>
<termid>3</termid>
<termfrequency>0</termfrequency>
</term>
</stream>
<stream>
<streamid>2</streamid>
<length>107</length>
<uniquelength>75</uniquelength>
<term>
<termid>1</termid>
<termfrequency>0</termfrequency>
</term>
<term>
<termid>2</termid>
<termfrequency>0</termfrequency>
</term>
<term>
<termid>3</termid>
<termfrequency>0</termfrequency>
</term>
</stream>
<stream>
<streamid>3</streamid>
<length>115</length>
<uniquelength>76</uniquelength>
<term>
<termid>1</termid>
<termfrequency>0</termfrequency>
</term>
<term>
<termid>2</termid>
<termfrequency>0</termfrequency>
</term>
<term>
<termid>3</termid>
<termfrequency>0</termfrequency>
</term>
</stream>
</doc>
<doc>
<docid>140282</docid>
<label>2</label>
<stream>
<streamid>1</streamid>
<length>4</length>
<uniquelength>4</uniquelength>
<term>
<termid>1</termid>
<termfrequency>0</termfrequency>
</term>
<term>
<termid>2</termid>
<termfrequency>0</termfrequency>
</term>
<term>
<termid>3</termid>
<termfrequency>0</termfrequency>
</term>
</stream>
<stream>
<streamid>2</streamid>
<length>100</length>
<uniquelength>61</uniquelength>
<term>
<termid>1</termid>
<termfrequency>0</termfrequency>
</term>
<term>
<termid>2</termid>
<termfrequency>0</termfrequency>
</term>
<term>
<termid>3</termid>
<termfrequency>0</termfrequency>
</term>
</stream>
<stream>
<streamid>3</streamid>
<length>104</length>
<uniquelength>61</uniquelength>
<term>
<termid>1</termid>
<termfrequency>0</termfrequency>
</term>
<term>
<termid>2</termid>
<termfrequency>0</termfrequency>
</term>
<term>
<termid>3</termid>
<termfrequency>0</termfrequency>
</term>
</stream>
</doc>
<doc>
<docid>45299</docid>
<label>0</label>
<stream>
<streamid>1</streamid>
<length>11</length>
<uniquelength>11</uniquelength>
<term>
<termid>1</termid>
<termfrequency>0</termfrequency>
</term>
<term>
<termid>2</termid>
<termfrequency>0</termfrequency>
</term>
<term>
<termid>3</termid>
<termfrequency>0</termfrequency>
</term>
</stream>
<stream>
<streamid>2</streamid>
<length>48</length>
<uniquelength>43</uniquelength>
<term>
<termid>1</termid>
<termfrequency>0</termfrequency>
</term>
<term>
<termid>2</termid>
<termfrequency>0</termfrequency>
</term>
<term>
<termid>3</termid>
<termfrequency>0</termfrequency>
</term>
</stream>
<stream>
<streamid>3</streamid>
<length>59</length>
<uniquelength>54</uniquelength>
<term>
<termid>1</termid>
<termfrequency>0</termfrequency>
</term>
<term>
<termid>2</termid>
<termfrequency>0</termfrequency>
</term>
<term>
<termid>3</termid>
<termfrequency>0</termfrequency>
</term>
</stream>
</doc>
<doc>
<docid>169283</docid>
<label>0</label>
<stream>
<streamid>1</streamid>
<length>8</length>
<uniquelength>8</uniquelength>
<term>
<termid>1</termid>
<termfrequency>0</termfrequency>
</term>
<term>
<termid>2</termid>
<termfrequency>0</termfrequency>
</term>
<term>
<termid>3</termid>
<termfrequency>0</termfrequency>
</term>
</stream>
<stream>
<streamid>2</streamid>
<length>88</length>
<uniquelength>58</uniquelength>
<term>
<termid>1</termid>
<termfrequency>0</termfrequency>
</term>
<term>
<termid>2</termid>
<termfrequency>0</termfrequency>
</term>
<term>
<termid>3</termid>
<termfrequency>0</termfrequency>
</term>
</stream>
<stream>
<streamid>3</streamid>
<length>96</length>
<uniquelength>61</uniquelength>
<term>
<termid>1</termid>
<termfrequency>0</termfrequency>
</term>
<term>
<termid>2</termid>
<termfrequency>0</termfrequency>
</term>
<term>
<termid>3</termid>
<termfrequency>0</termfrequency>
</term>
</stream>
</doc>
<doc>
<docid>40744</docid>
<label>0</label>
<stream>
<streamid>1</streamid>
<length>8</length>
<uniquelength>8</uniquelength>
<term>
<termid>1</termid>
<termfrequency>0</termfrequency>
</term>
<term>
<termid>2</termid>
<termfrequency>0</termfrequency>
</term>
<term>
<termid>3</termid>
<termfrequency>0</termfrequency>
</term>
</stream>
<stream>
<streamid>2</streamid>
<length>104</length>
<uniquelength>72</uniquelength>
<term>
<termid>1</termid>
<termfrequency>0</termfrequency>
</term>
<term>
<termid>2</termid>
<termfrequency>0</termfrequency>
</term>
<term>
<termid>3</termid>
<termfrequency>0</termfrequency>
</term>
</stream>
<stream>
<streamid>3</streamid>
<length>112</length>
<uniquelength>73</uniquelength>
<term>
<termid>1</termid>
<termfrequency>0</termfrequency>
</term>
<term>
<termid>2</termid>
<termfrequency>0</termfrequency>
</term>
<term>
<termid>3</termid>
<termfrequency>0</termfrequency>
</term>
</stream>
</doc>
<doc>
<docid>221905</docid>
<label>0</label>
<stream>
<streamid>1</streamid>
<length>7</length>
<uniquelength>7</uniquelength>
<term>
<termid>1</termid>
<termfrequency>0</termfrequency>
</term>
<term>
<termid>2</termid>
<termfrequency>0</termfrequency>
</term>
<term>
<termid>3</termid>
<termfrequency>0</termfrequency>
</term>
</stream>
<stream>
<streamid>2</streamid>
<length>48</length>
<uniquelength>36</uniquelength>
<term>
<termid>1</termid>
<termfrequency>0</termfrequency>
</term>
<term>
<termid>2</termid>
<termfrequency>0</termfrequency>
</term>
<term>
<termid>3</termid>
<termfrequency>0</termfrequency>
</term>
</stream>
<stream>
<streamid>3</streamid>
<length>55</length>
<uniquelength>37</uniquelength>
<term>
<termid>1</termid>
<termfrequency>0</termfrequency>
</term>
<term>
<termid>2</termid>
<termfrequency>0</termfrequency>
</term>
<term>
<termid>3</termid>
<termfrequency>0</termfrequency>
</term>
</stream>
</doc>
<doc>
<docid>326104</docid>
<label>0</label>
<stream>
<streamid>1</streamid>
<length>10</length>
<uniquelength>10</uniquelength>
<term>
<termid>1</termid>
<termfrequency>0</termfrequency>
</term>
<term>
<termid>2</termid>
<termfrequency>0</termfrequency>
</term>
<term>
<termid>3</termid>
<termfrequency>0</termfrequency>
</term>
</stream>
<stream>
<streamid>2</streamid>
<length>78</length>
<uniquelength>61</uniquelength>
<term>
<termid>1</termid>
<termfrequency>0</termfrequency>
</term>
<term>
<termid>2</termid>
<termfrequency>0</termfrequency>
</term>
<term>
<termid>3</termid>
<termfrequency>0</termfrequency>
</term>
</stream>
<stream>
<streamid>3</streamid>
<length>88</length>
<uniquelength>64</uniquelength>
<term>
<termid>1</termid>
<termfrequency>0</termfrequency>
</term>
<term>
<termid>2</termid>
<termfrequency>0</termfrequency>
</term>
<term>
<termid>3</termid>
<termfrequency>0</termfrequency>
</term>
</stream>
</doc>
<doc>
<docid>333376</docid>
<label>0</label>
<stream>
<streamid>1</streamid>
<length>19</length>
<uniquelength>17</uniquelength>
<term>
<termid>1</termid>
<termfrequency>0</termfrequency>
</term>
<term>
<termid>2</termid>
<termfrequency>0</termfrequency>
</term>
<term>
<termid>3</termid>
<termfrequency>0</termfrequency>
</term>
</stream>
<stream>
<streamid>2</streamid>
<length>140</length>
<uniquelength>87</uniquelength>
<term>
<termid>1</termid>
<termfrequency>0</termfrequency>
</term>
<term>
<termid>2</termid>
<termfrequency>0</termfrequency>
</term>
<term>
<termid>3</termid>
<termfrequency>0</termfrequency>
</term>
</stream>
<stream>
<streamid>3</streamid>
<length>159</length>
<uniquelength>92</uniquelength>
<term>
<termid>1</termid>
<termfrequency>0</termfrequency>
</term>
<term>
<termid>2</termid>
<termfrequency>0</termfrequency>
</term>
<term>
<termid>3</termid>
<termfrequency>0</termfrequency>
</term>
</stream>
</doc>
<doc>
<docid>143881</docid>
<label>0</label>
<stream>
<streamid>1</streamid>
<length>10</length>
<uniquelength>10</uniquelength>
<term>
<termid>1</termid>
<termfrequency>0</termfrequency>
</term>
<term>
<termid>2</termid>
<termfrequency>0</termfrequency>
</term>
<term>
<termid>3</termid>
<termfrequency>0</termfrequency>
</term>
</stream>
<stream>
<streamid>2</streamid>
<length>123</length>
<uniquelength>79</uniquelength>
<term>
<termid>1</termid>
<termfrequency>0</termfrequency>
</term>
<term>
<termid>2</termid>
<termfrequency>0</termfrequency>
</term>
<term>
<termid>3</termid>
<termfrequency>0</termfrequency>
</term>
</stream>
<stream>
<streamid>3</streamid>
<length>133</length>
<uniquelength>81</uniquelength>
<term>
<termid>1</termid>
<termfrequency>0</termfrequency>
</term>
<term>
<termid>2</termid>
<termfrequency>0</termfrequency>
</term>
<term>
<termid>3</termid>
<termfrequency>0</termfrequency>
</term>
</stream>
</doc>
<doc>
<docid>222212</docid>
<label>0</label>
<stream>
<streamid>1</streamid>
<length>3</length>
<uniquelength>3</uniquelength>
<term>
<termid>1</termid>
<termfrequency>0</termfrequency>
</term>
<term>
<termid>2</termid>
<termfrequency>0</termfrequency>
</term>
<term>
<termid>3</termid>
<termfrequency>0</termfrequency>
</term>
</stream>
<stream>
<streamid>2</streamid>
<length>0</length>
<uniquelength>0</uniquelength>
<term>
<termid>1</termid>
<termfrequency>0</termfrequency>
</term>
<term>
<termid>2</termid>
<termfrequency>0</termfrequency>
</term>
<term>
<termid>3</termid>
<termfrequency>0</termfrequency>
</term>
</stream>
<stream>
<streamid>3</streamid>
<length>3</length>
<uniquelength>3</uniquelength>
<term>
<termid>1</termid>
<termfrequency>0</termfrequency>
</term>
<term>
<termid>2</termid>
<termfrequency>0</termfrequency>
</term>
<term>
<termid>3</termid>
<termfrequency>0</termfrequency>
</term>
</stream>
</doc>
</docinfo>
</query>
